Path,Dataset,Min,Avg,Time (s)
batchschedulingtotalweightedtardiness/queiroga2020/Capacity20/10/10J_s10_r10/1.dat,queiroga2020,404,404,0.04
batchschedulingtotalweightedtardiness/queiroga2020/Capacity20/10/10J_s10_r10/2.dat,queiroga2020,186,186,0.02
batchschedulingtotalweightedtardiness/queiroga2020/Capacity20/10/10J_s10_r10/3.dat,queiroga2020,209,209,0.03
batchschedulingtotalweightedtardiness/queiroga2020/Capacity20/10/10J_s10_r10/4.dat,queiroga2020,186,186,0.02
batchschedulingtotalweightedtardiness/queiroga2020/Capacity20/10/10J_s10_r10/5.dat,queiroga2020,448,448,0.03
batchschedulingtotalweightedtardiness/queiroga2020/Capacity20/10/10J_s10_r40/1.dat,queiroga2020,382,382,0.04
batchschedulingtotalweightedtardiness/queiroga2020/Capacity20/10/10J_s10_r40/2.dat,queiroga2020,384,384,0.06
batchschedulingtotalweightedtardiness/queiroga2020/Capacity20/10/10J_s10_r40/3.dat,queiroga2020,486,486,0.04
batchschedulingtotalweightedtardiness/queiroga2020/Capacity20/10/10J_s10_r40/4.dat,queiroga2020,545,545,0.05
batchschedulingtotalweightedtardiness/queiroga2020/Capacity20/10/10J_s10_r40/5.dat,queiroga2020,207,207,0.02
batchschedulingtotalweightedtardiness/queiroga2020/Capacity20/10/10J_s10_r80/1.dat,queiroga2020,249,249,0.04
batchschedulingtotalweightedtardiness/queiroga2020/Capacity20/10/10J_s10_r80/2.dat,queiroga2020,66,66,0.04
batchschedulingtotalweightedtardiness/queiroga2020/Capacity20/10/10J_s10_r80/3.dat,queiroga2020,37,37,0.04
batchschedulingtotalweightedtardiness/queiroga2020/Capacity20/10/10J_s10_r80/4.dat,queiroga2020,177,177,0.03
batchschedulingtotalweightedtardiness/queiroga2020/Capacity20/10/10J_s10_r80/5.dat,queiroga2020,87,87,0.04
batchschedulingtotalweightedtardiness/queiroga2020/Capacity20/10/10J_s15_r10/1.dat,queiroga2020,481,481,0.04
batchschedulingtotalweightedtardiness/queiroga2020/Capacity20/10/10J_s15_r10/2.dat,queiroga2020,1432,1432,0.03
batchschedulingtotalweightedtardiness/queiroga2020/Capacity20/10/10J_s15_r10/3.dat,queiroga2020,257,257,0.02
batchschedulingtotalweightedtardiness/queiroga2020/Capacity20/10/10J_s15_r10/4.dat,queiroga2020,368,368,0.03
batchschedulingtotalweightedtardiness/queiroga2020/Capacity20/10/10J_s15_r10/5.dat,queiroga2020,330,330,0.04
batchschedulingtotalweightedtardiness/queiroga2020/Capacity20/10/10J_s15_r40/1.dat,queiroga2020,308,308,0.04
batchschedulingtotalweightedtardiness/queiroga2020/Capacity20/10/10J_s15_r40/2.dat,queiroga2020,463,463,0.05
batchschedulingtotalweightedtardiness/queiroga2020/Capacity20/10/10J_s15_r40/3.dat,queiroga2020,389,389,0.04
batchschedulingtotalweightedtardiness/queiroga2020/Capacity20/10/10J_s15_r40/4.dat,queiroga2020,476,476,0.03
batchschedulingtotalweightedtardiness/queiroga2020/Capacity20/10/10J_s15_r40/5.dat,queiroga2020,386,386,0.03
batchschedulingtotalweightedtardiness/queiroga2020/Capacity20/10/10J_s15_r80/1.dat,queiroga2020,850,850,0.03
batchschedulingtotalweightedtardiness/queiroga2020/Capacity20/10/10J_s15_r80/2.dat,queiroga2020,289,289,0.05
batchschedulingtotalweightedtardiness/queiroga2020/Capacity20/10/10J_s15_r80/3.dat,queiroga2020,271,271,0.05
batchschedulingtotalweightedtardiness/queiroga2020/Capacity20/10/10J_s15_r80/4.dat,queiroga2020,126,126,0.04
batchschedulingtotalweightedtardiness/queiroga2020/Capacity20/10/10J_s15_r80/5.dat,queiroga2020,302,302,0.03
batchschedulingtotalweightedtardiness/queiroga2020/Capacity20/10/10J_s20_r10/1.dat,queiroga2020,1234,1234,0.03
batchschedulingtotalweightedtardiness/queiroga2020/Capacity20/10/10J_s20_r10/2.dat,queiroga2020,422,422,0.04
batchschedulingtotalweightedtardiness/queiroga2020/Capacity20/10/10J_s20_r10/3.dat,queiroga2020,401,401,0.04
batchschedulingtotalweightedtardiness/queiroga2020/Capacity20/10/10J_s20_r10/4.dat,queiroga2020,882,882,0.02
batchschedulingtotalweightedtardiness/queiroga2020/Capacity20/10/10J_s20_r10/5.dat,queiroga2020,621,621,0.04
batchschedulingtotalweightedtardiness/queiroga2020/Capacity20/10/10J_s20_r40/1.dat,queiroga2020,366,366,0.03
batchschedulingtotalweightedtardiness/queiroga2020/Capacity20/10/10J_s20_r40/2.dat,queiroga2020,125,125,0.03
batchschedulingtotalweightedtardiness/queiroga2020/Capacity20/10/10J_s20_r40/3.dat,queiroga2020,531,531,0.03
batchschedulingtotalweightedtardiness/queiroga2020/Capacity20/10/10J_s20_r40/4.dat,queiroga2020,281,281,0.05
batchschedulingtotalweightedtardiness/queiroga2020/Capacity20/10/10J_s20_r40/5.dat,queiroga2020,376,376,0.03
batchschedulingtotalweightedtardiness/queiroga2020/Capacity20/10/10J_s20_r80/1.dat,queiroga2020,504,504,0.04
batchschedulingtotalweightedtardiness/queiroga2020/Capacity20/10/10J_s20_r80/2.dat,queiroga2020,526,526,0.05
batchschedulingtotalweightedtardiness/queiroga2020/Capacity20/10/10J_s20_r80/3.dat,queiroga2020,653,653,0.03
batchschedulingtotalweightedtardiness/queiroga2020/Capacity20/10/10J_s20_r80/4.dat,queiroga2020,373,373,0.03
batchschedulingtotalweightedtardiness/queiroga2020/Capacity20/10/10J_s20_r80/5.dat,queiroga2020,237,237,0.04
batchschedulingtotalweightedtardiness/queiroga2020/Capacity20/15/15J_s10_r10/1.dat,queiroga2020,774,774,0.08
batchschedulingtotalweightedtardiness/queiroga2020/Capacity20/15/15J_s10_r10/2.dat,queiroga2020,785,785,0.08
batchschedulingtotalweightedtardiness/queiroga2020/Capacity20/15/15J_s10_r10/3.dat,queiroga2020,417,417,0.09
batchschedulingtotalweightedtardiness/queiroga2020/Capacity20/15/15J_s10_r10/4.dat,queiroga2020,1236,1236,0.08
batchschedulingtotalweightedtardiness/queiroga2020/Capacity20/15/15J_s10_r10/5.dat,queiroga2020,764,764,0.08
batchschedulingtotalweightedtardiness/queiroga2020/Capacity20/15/15J_s10_r40/1.dat,queiroga2020,408,408,0.11
batchschedulingtotalweightedtardiness/queiroga2020/Capacity20/15/15J_s10_r40/2.dat,queiroga2020,554,554,0.11
batchschedulingtotalweightedtardiness/queiroga2020/Capacity20/15/15J_s10_r40/3.dat,queiroga2020,575,575,0.08
batchschedulingtotalweightedtardiness/queiroga2020/Capacity20/15/15J_s10_r40/4.dat,queiroga2020,262,262,0.09
batchschedulingtotalweightedtardiness/queiroga2020/Capacity20/15/15J_s10_r40/5.dat,queiroga2020,549,549,0.08
batchschedulingtotalweightedtardiness/queiroga2020/Capacity20/15/15J_s10_r80/1.dat,queiroga2020,406,406,0.13
batchschedulingtotalweightedtardiness/queiroga2020/Capacity20/15/15J_s10_r80/2.dat,queiroga2020,390,390,0.14
batchschedulingtotalweightedtardiness/queiroga2020/Capacity20/15/15J_s10_r80/3.dat,queiroga2020,443,443,0.09
batchschedulingtotalweightedtardiness/queiroga2020/Capacity20/15/15J_s10_r80/4.dat,queiroga2020,781,781,0.11
batchschedulingtotalweightedtardiness/queiroga2020/Capacity20/15/15J_s10_r80/5.dat,queiroga2020,592,592,0.08
batchschedulingtotalweightedtardiness/queiroga2020/Capacity20/15/15J_s15_r10/1.dat,queiroga2020,1567,1567,0.09
batchschedulingtotalweightedtardiness/queiroga2020/Capacity20/15/15J_s15_r10/2.dat,queiroga2020,1714,1714,0.11
batchschedulingtotalweightedtardiness/queiroga2020/Capacity20/15/15J_s15_r10/3.dat,queiroga2020,1164,1164,0.11
batchschedulingtotalweightedtardiness/queiroga2020/Capacity20/15/15J_s15_r10/4.dat,queiroga2020,1685,1685,0.13
batchschedulingtotalweightedtardiness/queiroga2020/Capacity20/15/15J_s15_r10/5.dat,queiroga2020,2448,2448,0.12
batchschedulingtotalweightedtardiness/queiroga2020/Capacity20/15/15J_s15_r40/1.dat,queiroga2020,872,872,0.13
batchschedulingtotalweightedtardiness/queiroga2020/Capacity20/15/15J_s15_r40/2.dat,queiroga2020,1564,1564,0.11
batchschedulingtotalweightedtardiness/queiroga2020/Capacity20/15/15J_s15_r40/3.dat,queiroga2020,1268,1268,0.13
batchschedulingtotalweightedtardiness/queiroga2020/Capacity20/15/15J_s15_r40/4.dat,queiroga2020,440,440,0.12
batchschedulingtotalweightedtardiness/queiroga2020/Capacity20/15/15J_s15_r40/5.dat,queiroga2020,1805,1805,0.1
batchschedulingtotalweightedtardiness/queiroga2020/Capacity20/15/15J_s15_r80/1.dat,queiroga2020,586,586,0.13
batchschedulingtotalweightedtardiness/queiroga2020/Capacity20/15/15J_s15_r80/2.dat,queiroga2020,763,763,0.14
batchschedulingtotalweightedtardiness/queiroga2020/Capacity20/15/15J_s15_r80/3.dat,queiroga2020,707,707,0.11
batchschedulingtotalweightedtardiness/queiroga2020/Capacity20/15/15J_s15_r80/4.dat,queiroga2020,692,692,0.13
batchschedulingtotalweightedtardiness/queiroga2020/Capacity20/15/15J_s15_r80/5.dat,queiroga2020,598,598,0.1
batchschedulingtotalweightedtardiness/queiroga2020/Capacity20/15/15J_s20_r10/1.dat,queiroga2020,1847,1847,0.1
batchschedulingtotalweightedtardiness/queiroga2020/Capacity20/15/15J_s20_r10/2.dat,queiroga2020,1841,1841,0.12
batchschedulingtotalweightedtardiness/queiroga2020/Capacity20/15/15J_s20_r10/3.dat,queiroga2020,1742,1742,0.09
batchschedulingtotalweightedtardiness/queiroga2020/Capacity20/15/15J_s20_r10/4.dat,queiroga2020,1450,1450,0.11
batchschedulingtotalweightedtardiness/queiroga2020/Capacity20/15/15J_s20_r10/5.dat,queiroga2020,1949,1949,0.1
batchschedulingtotalweightedtardiness/queiroga2020/Capacity20/15/15J_s20_r40/1.dat,queiroga2020,887,887,0.09
batchschedulingtotalweightedtardiness/queiroga2020/Capacity20/15/15J_s20_r40/2.dat,queiroga2020,2219,2219,0.14
batchschedulingtotalweightedtardiness/queiroga2020/Capacity20/15/15J_s20_r40/3.dat,queiroga2020,898,898,0.12
batchschedulingtotalweightedtardiness/queiroga2020/Capacity20/15/15J_s20_r40/4.dat,queiroga2020,1317,1317,0.11
batchschedulingtotalweightedtardiness/queiroga2020/Capacity20/15/15J_s20_r40/5.dat,queiroga2020,1402,1402,0.11
batchschedulingtotalweightedtardiness/queiroga2020/Capacity20/15/15J_s20_r80/1.dat,queiroga2020,275,275,0.1
batchschedulingtotalweightedtardiness/queiroga2020/Capacity20/15/15J_s20_r80/2.dat,queiroga2020,346,346,0.1
batchschedulingtotalweightedtardiness/queiroga2020/Capacity20/15/15J_s20_r80/3.dat,queiroga2020,907,907,0.1
batchschedulingtotalweightedtardiness/queiroga2020/Capacity20/15/15J_s20_r80/4.dat,queiroga2020,636,636,0.11
batchschedulingtotalweightedtardiness/queiroga2020/Capacity20/15/15J_s20_r80/5.dat,queiroga2020,1110,1110,0.11
batchschedulingtotalweightedtardiness/queiroga2020/Capacity20/20/20J_s10_r10/1.dat,queiroga2020,1547,1547,0.17
batchschedulingtotalweightedtardiness/queiroga2020/Capacity20/20/20J_s10_r10/2.dat,queiroga2020,2268,2268,0.19
batchschedulingtotalweightedtardiness/queiroga2020/Capacity20/20/20J_s10_r10/3.dat,queiroga2020,1499,1499,0.15
batchschedulingtotalweightedtardiness/queiroga2020/Capacity20/20/20J_s10_r10/4.dat,queiroga2020,1532,1532,0.17
batchschedulingtotalweightedtardiness/queiroga2020/Capacity20/20/20J_s10_r10/5.dat,queiroga2020,1164,1164,0.14
batchschedulingtotalweightedtardiness/queiroga2020/Capacity20/20/20J_s10_r40/1.dat,queiroga2020,1078,1078,0.2
batchschedulingtotalweightedtardiness/queiroga2020/Capacity20/20/20J_s10_r40/2.dat,queiroga2020,652,652,0.24
batchschedulingtotalweightedtardiness/queiroga2020/Capacity20/20/20J_s10_r40/3.dat,queiroga2020,977,977,0.18
batchschedulingtotalweightedtardiness/queiroga2020/Capacity20/20/20J_s10_r40/4.dat,queiroga2020,949,949,0.2
batchschedulingtotalweightedtardiness/queiroga2020/Capacity20/20/20J_s10_r40/5.dat,queiroga2020,1915,1915,0.17
batchschedulingtotalweightedtardiness/queiroga2020/Capacity20/20/20J_s10_r80/1.dat,queiroga2020,416,416,0.35
batchschedulingtotalweightedtardiness/queiroga2020/Capacity20/20/20J_s10_r80/2.dat,queiroga2020,273,273,0.29
batchschedulingtotalweightedtardiness/queiroga2020/Capacity20/20/20J_s10_r80/3.dat,queiroga2020,907,907,0.25
batchschedulingtotalweightedtardiness/queiroga2020/Capacity20/20/20J_s10_r80/4.dat,queiroga2020,585,585,0.23
batchschedulingtotalweightedtardiness/queiroga2020/Capacity20/20/20J_s10_r80/5.dat,queiroga2020,1120,1120,0.21
batchschedulingtotalweightedtardiness/queiroga2020/Capacity20/20/20J_s15_r10/1.dat,queiroga2020,4017,4017,0.22
batchschedulingtotalweightedtardiness/queiroga2020/Capacity20/20/20J_s15_r10/2.dat,queiroga2020,5664,5664,0.29
batchschedulingtotalweightedtardiness/queiroga2020/Capacity20/20/20J_s15_r10/3.dat,queiroga2020,3645,3645,0.24
batchschedulingtotalweightedtardiness/queiroga2020/Capacity20/20/20J_s15_r10/4.dat,queiroga2020,4095,4095,0.17
batchschedulingtotalweightedtardiness/queiroga2020/Capacity20/20/20J_s15_r10/5.dat,queiroga2020,4369,4369,0.25
batchschedulingtotalweightedtardiness/queiroga2020/Capacity20/20/20J_s15_r40/1.dat,queiroga2020,1089,1089,0.25
batchschedulingtotalweightedtardiness/queiroga2020/Capacity20/20/20J_s15_r40/2.dat,queiroga2020,2051,2051,0.3
batchschedulingtotalweightedtardiness/queiroga2020/Capacity20/20/20J_s15_r40/3.dat,queiroga2020,2920,2920,0.29
batchschedulingtotalweightedtardiness/queiroga2020/Capacity20/20/20J_s15_r40/4.dat,queiroga2020,2214,2214,0.23
batchschedulingtotalweightedtardiness/queiroga2020/Capacity20/20/20J_s15_r40/5.dat,queiroga2020,999,999,0.24
batchschedulingtotalweightedtardiness/queiroga2020/Capacity20/20/20J_s15_r80/1.dat,queiroga2020,1515,1515,0.34
batchschedulingtotalweightedtardiness/queiroga2020/Capacity20/20/20J_s15_r80/2.dat,queiroga2020,904,904,0.26
batchschedulingtotalweightedtardiness/queiroga2020/Capacity20/20/20J_s15_r80/3.dat,queiroga2020,1615,1615,0.24
batchschedulingtotalweightedtardiness/queiroga2020/Capacity20/20/20J_s15_r80/4.dat,queiroga2020,450,450,0.33
batchschedulingtotalweightedtardiness/queiroga2020/Capacity20/20/20J_s15_r80/5.dat,queiroga2020,508,508,0.31
batchschedulingtotalweightedtardiness/queiroga2020/Capacity20/20/20J_s20_r10/1.dat,queiroga2020,4733,4733,0.23
batchschedulingtotalweightedtardiness/queiroga2020/Capacity20/20/20J_s20_r10/2.dat,queiroga2020,2576,2576,0.21
batchschedulingtotalweightedtardiness/queiroga2020/Capacity20/20/20J_s20_r10/3.dat,queiroga2020,2808,2808,0.19
batchschedulingtotalweightedtardiness/queiroga2020/Capacity20/20/20J_s20_r10/4.dat,queiroga2020,1357,1357,0.26
batchschedulingtotalweightedtardiness/queiroga2020/Capacity20/20/20J_s20_r10/5.dat,queiroga2020,3985,3985,0.21
batchschedulingtotalweightedtardiness/queiroga2020/Capacity20/20/20J_s20_r40/1.dat,queiroga2020,2324,2324,0.26
batchschedulingtotalweightedtardiness/queiroga2020/Capacity20/20/20J_s20_r40/2.dat,queiroga2020,1879,1879,0.27
batchschedulingtotalweightedtardiness/queiroga2020/Capacity20/20/20J_s20_r40/3.dat,queiroga2020,3293,3293,0.34
batchschedulingtotalweightedtardiness/queiroga2020/Capacity20/20/20J_s20_r40/4.dat,queiroga2020,2062,2062,0.21
batchschedulingtotalweightedtardiness/queiroga2020/Capacity20/20/20J_s20_r40/5.dat,queiroga2020,1388,1388,0.31
batchschedulingtotalweightedtardiness/queiroga2020/Capacity20/20/20J_s20_r80/1.dat,queiroga2020,1752,1752,0.23
batchschedulingtotalweightedtardiness/queiroga2020/Capacity20/20/20J_s20_r80/2.dat,queiroga2020,703,703,0.29
batchschedulingtotalweightedtardiness/queiroga2020/Capacity20/20/20J_s20_r80/3.dat,queiroga2020,708,708,0.28
batchschedulingtotalweightedtardiness/queiroga2020/Capacity20/20/20J_s20_r80/4.dat,queiroga2020,427,427,0.28
batchschedulingtotalweightedtardiness/queiroga2020/Capacity20/20/20J_s20_r80/5.dat,queiroga2020,1244,1244,0.27
batchschedulingtotalweightedtardiness/queiroga2020/Capacity20/25/25J_s10_r10/1.dat,queiroga2020,3134,3134,0.37
batchschedulingtotalweightedtardiness/queiroga2020/Capacity20/25/25J_s10_r10/2.dat,queiroga2020,1852,1852,0.35
batchschedulingtotalweightedtardiness/queiroga2020/Capacity20/25/25J_s10_r10/3.dat,queiroga2020,3734,3738.7,0.34
batchschedulingtotalweightedtardiness/queiroga2020/Capacity20/25/25J_s10_r10/4.dat,queiroga2020,1939,1939.1,0.3
batchschedulingtotalweightedtardiness/queiroga2020/Capacity20/25/25J_s10_r10/5.dat,queiroga2020,2706,2706,0.3
batchschedulingtotalweightedtardiness/queiroga2020/Capacity20/25/25J_s10_r40/1.dat,queiroga2020,2442,2442,0.43
batchschedulingtotalweightedtardiness/queiroga2020/Capacity20/25/25J_s10_r40/2.dat,queiroga2020,1408,1408,0.34
batchschedulingtotalweightedtardiness/queiroga2020/Capacity20/25/25J_s10_r40/3.dat,queiroga2020,502,502,0.41
batchschedulingtotalweightedtardiness/queiroga2020/Capacity20/25/25J_s10_r40/4.dat,queiroga2020,1647,1647,0.29
batchschedulingtotalweightedtardiness/queiroga2020/Capacity20/25/25J_s10_r40/5.dat,queiroga2020,2068,2068,0.33
batchschedulingtotalweightedtardiness/queiroga2020/Capacity20/25/25J_s10_r80/1.dat,queiroga2020,1216,1216,0.36
batchschedulingtotalweightedtardiness/queiroga2020/Capacity20/25/25J_s10_r80/2.dat,queiroga2020,604,604,0.36
batchschedulingtotalweightedtardiness/queiroga2020/Capacity20/25/25J_s10_r80/3.dat,queiroga2020,442,442,0.6
batchschedulingtotalweightedtardiness/queiroga2020/Capacity20/25/25J_s10_r80/4.dat,queiroga2020,931,931,0.55
batchschedulingtotalweightedtardiness/queiroga2020/Capacity20/25/25J_s10_r80/5.dat,queiroga2020,1569,1569,0.68
batchschedulingtotalweightedtardiness/queiroga2020/Capacity20/25/25J_s15_r10/1.dat,queiroga2020,4706,4706,0.45
batchschedulingtotalweightedtardiness/queiroga2020/Capacity20/25/25J_s15_r10/2.dat,queiroga2020,4456,4456,0.41
batchschedulingtotalweightedtardiness/queiroga2020/Capacity20/25/25J_s15_r10/3.dat,queiroga2020,4758,4758,0.54
batchschedulingtotalweightedtardiness/queiroga2020/Capacity20/25/25J_s15_r10/4.dat,queiroga2020,4687,4687,0.45
batchschedulingtotalweightedtardiness/queiroga2020/Capacity20/25/25J_s15_r10/5.dat,queiroga2020,5132,5132,0.58
batchschedulingtotalweightedtardiness/queiroga2020/Capacity20/25/25J_s15_r40/1.dat,queiroga2020,3529,3529,0.55
batchschedulingtotalweightedtardiness/queiroga2020/Capacity20/25/25J_s15_r40/2.dat,queiroga2020,1999,1999,0.71
batchschedulingtotalweightedtardiness/queiroga2020/Capacity20/25/25J_s15_r40/3.dat,queiroga2020,1253,1253,0.86
batchschedulingtotalweightedtardiness/queiroga2020/Capacity20/25/25J_s15_r40/4.dat,queiroga2020,4499,4499,0.49
batchschedulingtotalweightedtardiness/queiroga2020/Capacity20/25/25J_s15_r40/5.dat,queiroga2020,1399,1399,0.53
batchschedulingtotalweightedtardiness/queiroga2020/Capacity20/25/25J_s15_r80/1.dat,queiroga2020,1249,1249,0.74
batchschedulingtotalweightedtardiness/queiroga2020/Capacity20/25/25J_s15_r80/2.dat,queiroga2020,960,960,0.6
batchschedulingtotalweightedtardiness/queiroga2020/Capacity20/25/25J_s15_r80/3.dat,queiroga2020,1223,1223,0.57
batchschedulingtotalweightedtardiness/queiroga2020/Capacity20/25/25J_s15_r80/4.dat,queiroga2020,1585,1585,0.71
batchschedulingtotalweightedtardiness/queiroga2020/Capacity20/25/25J_s15_r80/5.dat,queiroga2020,3327,3327,0.37
batchschedulingtotalweightedtardiness/queiroga2020/Capacity20/25/25J_s20_r10/1.dat,queiroga2020,5641,5641,0.55
batchschedulingtotalweightedtardiness/queiroga2020/Capacity20/25/25J_s20_r10/2.dat,queiroga2020,5592,5592,0.38
batchschedulingtotalweightedtardiness/queiroga2020/Capacity20/25/25J_s20_r10/3.dat,queiroga2020,5835,5835,0.49
batchschedulingtotalweightedtardiness/queiroga2020/Capacity20/25/25J_s20_r10/4.dat,queiroga2020,5043,5043,0.54
batchschedulingtotalweightedtardiness/queiroga2020/Capacity20/25/25J_s20_r10/5.dat,queiroga2020,5968,5973.1,0.44
batchschedulingtotalweightedtardiness/queiroga2020/Capacity20/25/25J_s20_r40/1.dat,queiroga2020,2675,2675,0.65
batchschedulingtotalweightedtardiness/queiroga2020/Capacity20/25/25J_s20_r40/2.dat,queiroga2020,2523,2523,0.4
batchschedulingtotalweightedtardiness/queiroga2020/Capacity20/25/25J_s20_r40/3.dat,queiroga2020,4459,4459,0.48
batchschedulingtotalweightedtardiness/queiroga2020/Capacity20/25/25J_s20_r40/4.dat,queiroga2020,1730,1730,0.59
batchschedulingtotalweightedtardiness/queiroga2020/Capacity20/25/25J_s20_r40/5.dat,queiroga2020,2195,2195,0.54
batchschedulingtotalweightedtardiness/queiroga2020/Capacity20/25/25J_s20_r80/1.dat,queiroga2020,1937,1937,0.54
batchschedulingtotalweightedtardiness/queiroga2020/Capacity20/25/25J_s20_r80/2.dat,queiroga2020,2128,2128,0.53
batchschedulingtotalweightedtardiness/queiroga2020/Capacity20/25/25J_s20_r80/3.dat,queiroga2020,1670,1670,0.5
batchschedulingtotalweightedtardiness/queiroga2020/Capacity20/25/25J_s20_r80/4.dat,queiroga2020,4933,4933,0.66
batchschedulingtotalweightedtardiness/queiroga2020/Capacity20/25/25J_s20_r80/5.dat,queiroga2020,2391,2391,0.67
batchschedulingtotalweightedtardiness/queiroga2020/Capacity20/30/30J_s10_r10/1.dat,queiroga2020,2327,2327,0.55
batchschedulingtotalweightedtardiness/queiroga2020/Capacity20/30/30J_s10_r10/2.dat,queiroga2020,2332,2332,0.6
batchschedulingtotalweightedtardiness/queiroga2020/Capacity20/30/30J_s10_r10/3.dat,queiroga2020,3819,3819.6,0.57
batchschedulingtotalweightedtardiness/queiroga2020/Capacity20/30/30J_s10_r10/4.dat,queiroga2020,3691,3691,0.57
batchschedulingtotalweightedtardiness/queiroga2020/Capacity20/30/30J_s10_r10/5.dat,queiroga2020,3969,3969,0.71
batchschedulingtotalweightedtardiness/queiroga2020/Capacity20/30/30J_s10_r40/1.dat,queiroga2020,2894,2894,0.51
batchschedulingtotalweightedtardiness/queiroga2020/Capacity20/30/30J_s10_r40/2.dat,queiroga2020,3818,3818,0.71
batchschedulingtotalweightedtardiness/queiroga2020/Capacity20/30/30J_s10_r40/3.dat,queiroga2020,1629,1629,0.52
batchschedulingtotalweightedtardiness/queiroga2020/Capacity20/30/30J_s10_r40/4.dat,queiroga2020,3765,3769,0.58
batchschedulingtotalweightedtardiness/queiroga2020/Capacity20/30/30J_s10_r40/5.dat,queiroga2020,2466,2466,0.69
batchschedulingtotalweightedtardiness/queiroga2020/Capacity20/30/30J_s10_r80/1.dat,queiroga2020,1995,1995,0.77
batchschedulingtotalweightedtardiness/queiroga2020/Capacity20/30/30J_s10_r80/2.dat,queiroga2020,1643,1643,0.9
batchschedulingtotalweightedtardiness/queiroga2020/Capacity20/30/30J_s10_r80/3.dat,queiroga2020,808,808,0.68
batchschedulingtotalweightedtardiness/queiroga2020/Capacity20/30/30J_s10_r80/4.dat,queiroga2020,2651,2661.2,0.51
batchschedulingtotalweightedtardiness/queiroga2020/Capacity20/30/30J_s10_r80/5.dat,queiroga2020,2022,2022,0.71
batchschedulingtotalweightedtardiness/queiroga2020/Capacity20/30/30J_s15_r10/1.dat,queiroga2020,7775,7775,0.79
batchschedulingtotalweightedtardiness/queiroga2020/Capacity20/30/30J_s15_r10/2.dat,queiroga2020,5836,5836,0.89
batchschedulingtotalweightedtardiness/queiroga2020/Capacity20/30/30J_s15_r10/3.dat,queiroga2020,7312,7312,0.83
batchschedulingtotalweightedtardiness/queiroga2020/Capacity20/30/30J_s15_r10/4.dat,queiroga2020,4481,4481,0.88
batchschedulingtotalweightedtardiness/queiroga2020/Capacity20/30/30J_s15_r10/5.dat,queiroga2020,9462,9462,0.96
batchschedulingtotalweightedtardiness/queiroga2020/Capacity20/30/30J_s15_r40/1.dat,queiroga2020,5090,5090,0.82
batchschedulingtotalweightedtardiness/queiroga2020/Capacity20/30/30J_s15_r40/2.dat,queiroga2020,7817,7817,0.9
batchschedulingtotalweightedtardiness/queiroga2020/Capacity20/30/30J_s15_r40/3.dat,queiroga2020,3395,3395,0.93
batchschedulingtotalweightedtardiness/queiroga2020/Capacity20/30/30J_s15_r40/4.dat,queiroga2020,4070,4070,0.91
batchschedulingtotalweightedtardiness/queiroga2020/Capacity20/30/30J_s15_r40/5.dat,queiroga2020,4230,4230,1.03
batchschedulingtotalweightedtardiness/queiroga2020/Capacity20/30/30J_s15_r80/1.dat,queiroga2020,2790,2790,1
batchschedulingtotalweightedtardiness/queiroga2020/Capacity20/30/30J_s15_r80/2.dat,queiroga2020,1444,1444,1.09
batchschedulingtotalweightedtardiness/queiroga2020/Capacity20/30/30J_s15_r80/3.dat,queiroga2020,2290,2290,1.1
batchschedulingtotalweightedtardiness/queiroga2020/Capacity20/30/30J_s15_r80/4.dat,queiroga2020,1476,1476,1.57
batchschedulingtotalweightedtardiness/queiroga2020/Capacity20/30/30J_s15_r80/5.dat,queiroga2020,2516,2516,1.39
batchschedulingtotalweightedtardiness/queiroga2020/Capacity20/30/30J_s20_r10/1.dat,queiroga2020,6107,6107,0.66
batchschedulingtotalweightedtardiness/queiroga2020/Capacity20/30/30J_s20_r10/2.dat,queiroga2020,7497,7497,0.74
batchschedulingtotalweightedtardiness/queiroga2020/Capacity20/30/30J_s20_r10/3.dat,queiroga2020,7052,7052,0.69
batchschedulingtotalweightedtardiness/queiroga2020/Capacity20/30/30J_s20_r10/4.dat,queiroga2020,5457,5457,0.72
batchschedulingtotalweightedtardiness/queiroga2020/Capacity20/30/30J_s20_r10/5.dat,queiroga2020,7774,7774,0.86
batchschedulingtotalweightedtardiness/queiroga2020/Capacity20/30/30J_s20_r40/1.dat,queiroga2020,3266,3266,1.11
batchschedulingtotalweightedtardiness/queiroga2020/Capacity20/30/30J_s20_r40/2.dat,queiroga2020,4528,4528,1.1
batchschedulingtotalweightedtardiness/queiroga2020/Capacity20/30/30J_s20_r40/3.dat,queiroga2020,4911,4911,1.21
batchschedulingtotalweightedtardiness/queiroga2020/Capacity20/30/30J_s20_r40/4.dat,queiroga2020,5019,5019,1.02
batchschedulingtotalweightedtardiness/queiroga2020/Capacity20/30/30J_s20_r40/5.dat,queiroga2020,5398,5398,0.97
batchschedulingtotalweightedtardiness/queiroga2020/Capacity20/30/30J_s20_r80/1.dat,queiroga2020,4082,4082,1.29
batchschedulingtotalweightedtardiness/queiroga2020/Capacity20/30/30J_s20_r80/2.dat,queiroga2020,576,576,0.85
batchschedulingtotalweightedtardiness/queiroga2020/Capacity20/30/30J_s20_r80/3.dat,queiroga2020,1572,1572,1.06
batchschedulingtotalweightedtardiness/queiroga2020/Capacity20/30/30J_s20_r80/4.dat,queiroga2020,5171,5172.2,0.97
batchschedulingtotalweightedtardiness/queiroga2020/Capacity20/30/30J_s20_r80/5.dat,queiroga2020,2980,2980,0.83
batchschedulingtotalweightedtardiness/queiroga2020/Capacity20/35/35J_s10_r10/1.dat,queiroga2020,4070,4070,0.85
batchschedulingtotalweightedtardiness/queiroga2020/Capacity20/35/35J_s10_r10/2.dat,queiroga2020,5360,5360,0.82
batchschedulingtotalweightedtardiness/queiroga2020/Capacity20/35/35J_s10_r10/3.dat,queiroga2020,3609,3609,0.71
batchschedulingtotalweightedtardiness/queiroga2020/Capacity20/35/35J_s10_r10/4.dat,queiroga2020,4232,4249.2,0.6
batchschedulingtotalweightedtardiness/queiroga2020/Capacity20/35/35J_s10_r10/5.dat,queiroga2020,4761,4761,0.76
batchschedulingtotalweightedtardiness/queiroga2020/Capacity20/35/35J_s10_r40/1.dat,queiroga2020,4315,4315,0.94
batchschedulingtotalweightedtardiness/queiroga2020/Capacity20/35/35J_s10_r40/2.dat,queiroga2020,1898,1898,0.91
batchschedulingtotalweightedtardiness/queiroga2020/Capacity20/35/35J_s10_r40/3.dat,queiroga2020,1925,1925,1.36
batchschedulingtotalweightedtardiness/queiroga2020/Capacity20/35/35J_s10_r40/4.dat,queiroga2020,2131,2131,0.78
batchschedulingtotalweightedtardiness/queiroga2020/Capacity20/35/35J_s10_r40/5.dat,queiroga2020,1464,1464,1.2
batchschedulingtotalweightedtardiness/queiroga2020/Capacity20/35/35J_s10_r80/1.dat,queiroga2020,1912,1912,1.13
batchschedulingtotalweightedtardiness/queiroga2020/Capacity20/35/35J_s10_r80/2.dat,queiroga2020,1609,1614.1,1.34
batchschedulingtotalweightedtardiness/queiroga2020/Capacity20/35/35J_s10_r80/3.dat,queiroga2020,2466,2466,1.53
batchschedulingtotalweightedtardiness/queiroga2020/Capacity20/35/35J_s10_r80/4.dat,queiroga2020,1926,1926,1.25
batchschedulingtotalweightedtardiness/queiroga2020/Capacity20/35/35J_s10_r80/5.dat,queiroga2020,1507,1507,1.3
batchschedulingtotalweightedtardiness/queiroga2020/Capacity20/35/35J_s15_r10/1.dat,queiroga2020,6755,6755,1.55
batchschedulingtotalweightedtardiness/queiroga2020/Capacity20/35/35J_s15_r10/2.dat,queiroga2020,11653,11653,1.28
batchschedulingtotalweightedtardiness/queiroga2020/Capacity20/35/35J_s15_r10/3.dat,queiroga2020,12017,12017,1.1
batchschedulingtotalweightedtardiness/queiroga2020/Capacity20/35/35J_s15_r10/4.dat,queiroga2020,8066,8066,1.89
batchschedulingtotalweightedtardiness/queiroga2020/Capacity20/35/35J_s15_r10/5.dat,queiroga2020,7595,7595,1.18
batchschedulingtotalweightedtardiness/queiroga2020/Capacity20/35/35J_s15_r40/1.dat,queiroga2020,7449,7449,2.57
batchschedulingtotalweightedtardiness/queiroga2020/Capacity20/35/35J_s15_r40/2.dat,queiroga2020,6897,6897,1.85
batchschedulingtotalweightedtardiness/queiroga2020/Capacity20/35/35J_s15_r40/3.dat,queiroga2020,5837,5837,1.73
batchschedulingtotalweightedtardiness/queiroga2020/Capacity20/35/35J_s15_r40/4.dat,queiroga2020,8510,8510,1.65
batchschedulingtotalweightedtardiness/queiroga2020/Capacity20/35/35J_s15_r40/5.dat,queiroga2020,3637,3637,1.94
batchschedulingtotalweightedtardiness/queiroga2020/Capacity20/35/35J_s15_r80/1.dat,queiroga2020,3048,3048,2.35
batchschedulingtotalweightedtardiness/queiroga2020/Capacity20/35/35J_s15_r80/2.dat,queiroga2020,3540,3540,1.99
batchschedulingtotalweightedtardiness/queiroga2020/Capacity20/35/35J_s15_r80/3.dat,queiroga2020,2833,2833,1.69
batchschedulingtotalweightedtardiness/queiroga2020/Capacity20/35/35J_s15_r80/4.dat,queiroga2020,1688,1688,2.07
batchschedulingtotalweightedtardiness/queiroga2020/Capacity20/35/35J_s15_r80/5.dat,queiroga2020,2174,2174,2.39
batchschedulingtotalweightedtardiness/queiroga2020/Capacity20/35/35J_s20_r10/1.dat,queiroga2020,14074,14074,1.22
batchschedulingtotalweightedtardiness/queiroga2020/Capacity20/35/35J_s20_r10/2.dat,queiroga2020,5914,5914,1.05
batchschedulingtotalweightedtardiness/queiroga2020/Capacity20/35/35J_s20_r10/3.dat,queiroga2020,9238,9263.6,1.83
batchschedulingtotalweightedtardiness/queiroga2020/Capacity20/35/35J_s20_r10/4.dat,queiroga2020,9850,9850,1.2
batchschedulingtotalweightedtardiness/queiroga2020/Capacity20/35/35J_s20_r10/5.dat,queiroga2020,8487,8487,1.05
batchschedulingtotalweightedtardiness/queiroga2020/Capacity20/35/35J_s20_r40/1.dat,queiroga2020,4726,4726,1.7
batchschedulingtotalweightedtardiness/queiroga2020/Capacity20/35/35J_s20_r40/2.dat,queiroga2020,7285,7285,1.81
batchschedulingtotalweightedtardiness/queiroga2020/Capacity20/35/35J_s20_r40/3.dat,queiroga2020,9919,9919,1.76
batchschedulingtotalweightedtardiness/queiroga2020/Capacity20/35/35J_s20_r40/4.dat,queiroga2020,5945,5945,1.58
batchschedulingtotalweightedtardiness/queiroga2020/Capacity20/35/35J_s20_r40/5.dat,queiroga2020,4923,4923,1.51
batchschedulingtotalweightedtardiness/queiroga2020/Capacity20/35/35J_s20_r80/1.dat,queiroga2020,2270,2270,2.01
batchschedulingtotalweightedtardiness/queiroga2020/Capacity20/35/35J_s20_r80/2.dat,queiroga2020,755,755,1.97
batchschedulingtotalweightedtardiness/queiroga2020/Capacity20/35/35J_s20_r80/3.dat,queiroga2020,10175,10175,2.77
batchschedulingtotalweightedtardiness/queiroga2020/Capacity20/35/35J_s20_r80/4.dat,queiroga2020,1868,1868,1.92
batchschedulingtotalweightedtardiness/queiroga2020/Capacity20/35/35J_s20_r80/5.dat,queiroga2020,3555,3555,2.09
batchschedulingtotalweightedtardiness/queiroga2020/Capacity20/50/50J_s10_r10/1.dat,queiroga2020,9346,9349.6,3.13
batchschedulingtotalweightedtardiness/queiroga2020/Capacity20/50/50J_s10_r10/2.dat,queiroga2020,8742,8744.7,3
batchschedulingtotalweightedtardiness/queiroga2020/Capacity20/50/50J_s10_r10/3.dat,queiroga2020,10811,10873.7,3.18
batchschedulingtotalweightedtardiness/queiroga2020/Capacity20/50/50J_s10_r10/4.dat,queiroga2020,9218,9241.6,3.12
batchschedulingtotalweightedtardiness/queiroga2020/Capacity20/50/50J_s10_r10/5.dat,queiroga2020,7568,7604.6,3.03
batchschedulingtotalweightedtardiness/queiroga2020/Capacity20/50/50J_s10_r40/1.dat,queiroga2020,5548,5551.3,3.13
batchschedulingtotalweightedtardiness/queiroga2020/Capacity20/50/50J_s10_r40/2.dat,queiroga2020,6127,6151.4,4.35
batchschedulingtotalweightedtardiness/queiroga2020/Capacity20/50/50J_s10_r40/3.dat,queiroga2020,8059,8059,3.84
batchschedulingtotalweightedtardiness/queiroga2020/Capacity20/50/50J_s10_r40/4.dat,queiroga2020,5978,5979.5,3.73
batchschedulingtotalweightedtardiness/queiroga2020/Capacity20/50/50J_s10_r40/5.dat,queiroga2020,7843,7895.8,3.1
batchschedulingtotalweightedtardiness/queiroga2020/Capacity20/50/50J_s10_r80/1.dat,queiroga2020,2179,2179,4.6
batchschedulingtotalweightedtardiness/queiroga2020/Capacity20/50/50J_s10_r80/2.dat,queiroga2020,3283,3283,5.11
batchschedulingtotalweightedtardiness/queiroga2020/Capacity20/50/50J_s10_r80/3.dat,queiroga2020,2179,2179,4.2
batchschedulingtotalweightedtardiness/queiroga2020/Capacity20/50/50J_s10_r80/4.dat,queiroga2020,3204,3207.9,5.34
batchschedulingtotalweightedtardiness/queiroga2020/Capacity20/50/50J_s10_r80/5.dat,queiroga2020,4329,4333.6,4.43
batchschedulingtotalweightedtardiness/queiroga2020/Capacity20/50/50J_s15_r10/1.dat,queiroga2020,14498,14498,4.68
batchschedulingtotalweightedtardiness/queiroga2020/Capacity20/50/50J_s15_r10/2.dat,queiroga2020,25677,25677,5.93
batchschedulingtotalweightedtardiness/queiroga2020/Capacity20/50/50J_s15_r10/3.dat,queiroga2020,19051,19051,6.16
batchschedulingtotalweightedtardiness/queiroga2020/Capacity20/50/50J_s15_r10/4.dat,queiroga2020,16733,16735.5,5.5
batchschedulingtotalweightedtardiness/queiroga2020/Capacity20/50/50J_s15_r10/5.dat,queiroga2020,19799,19799,6.95
batchschedulingtotalweightedtardiness/queiroga2020/Capacity20/50/50J_s15_r40/1.dat,queiroga2020,14589,14589,6.97
batchschedulingtotalweightedtardiness/queiroga2020/Capacity20/50/50J_s15_r40/2.dat,queiroga2020,12308,12319.2,6.26
batchschedulingtotalweightedtardiness/queiroga2020/Capacity20/50/50J_s15_r40/3.dat,queiroga2020,8312,8312,5.55
batchschedulingtotalweightedtardiness/queiroga2020/Capacity20/50/50J_s15_r40/4.dat,queiroga2020,14067,14079.6,8.03
batchschedulingtotalweightedtardiness/queiroga2020/Capacity20/50/50J_s15_r40/5.dat,queiroga2020,11475,11475,6.34
batchschedulingtotalweightedtardiness/queiroga2020/Capacity20/50/50J_s15_r80/1.dat,queiroga2020,5557,5558,7.47
batchschedulingtotalweightedtardiness/queiroga2020/Capacity20/50/50J_s15_r80/2.dat,queiroga2020,4688,4688,7.5
batchschedulingtotalweightedtardiness/queiroga2020/Capacity20/50/50J_s15_r80/3.dat,queiroga2020,4954,4954,7.67
batchschedulingtotalweightedtardiness/queiroga2020/Capacity20/50/50J_s15_r80/4.dat,queiroga2020,8108,8108,8.29
batchschedulingtotalweightedtardiness/queiroga2020/Capacity20/50/50J_s15_r80/5.dat,queiroga2020,3217,3217,7.26
batchschedulingtotalweightedtardiness/queiroga2020/Capacity20/50/50J_s20_r10/1.dat,queiroga2020,16873,16874.4,5.91
batchschedulingtotalweightedtardiness/queiroga2020/Capacity20/50/50J_s20_r10/2.dat,queiroga2020,15376,15408.2,6.48
batchschedulingtotalweightedtardiness/queiroga2020/Capacity20/50/50J_s20_r10/3.dat,queiroga2020,25350,25350,5.4
batchschedulingtotalweightedtardiness/queiroga2020/Capacity20/50/50J_s20_r10/4.dat,queiroga2020,11530,11530,5.52
batchschedulingtotalweightedtardiness/queiroga2020/Capacity20/50/50J_s20_r10/5.dat,queiroga2020,23777,23777,5.65
batchschedulingtotalweightedtardiness/queiroga2020/Capacity20/50/50J_s20_r40/1.dat,queiroga2020,11043,11043,7.66
batchschedulingtotalweightedtardiness/queiroga2020/Capacity20/50/50J_s20_r40/2.dat,queiroga2020,11790,11790,5.01
batchschedulingtotalweightedtardiness/queiroga2020/Capacity20/50/50J_s20_r40/3.dat,queiroga2020,11372,11372,6.62
batchschedulingtotalweightedtardiness/queiroga2020/Capacity20/50/50J_s20_r40/4.dat,queiroga2020,10988,10990.1,6.49
batchschedulingtotalweightedtardiness/queiroga2020/Capacity20/50/50J_s20_r40/5.dat,queiroga2020,12684,12722.3,6.14
batchschedulingtotalweightedtardiness/queiroga2020/Capacity20/50/50J_s20_r80/1.dat,queiroga2020,3188,3188,7.15
batchschedulingtotalweightedtardiness/queiroga2020/Capacity20/50/50J_s20_r80/2.dat,queiroga2020,6474,6530.2,8.13
batchschedulingtotalweightedtardiness/queiroga2020/Capacity20/50/50J_s20_r80/3.dat,queiroga2020,7087,7113.4,8
batchschedulingtotalweightedtardiness/queiroga2020/Capacity20/50/50J_s20_r80/4.dat,queiroga2020,6117,6117,10.51
batchschedulingtotalweightedtardiness/queiroga2020/Capacity20/50/50J_s20_r80/5.dat,queiroga2020,1952,1952.9,7.94
batchschedulingtotalweightedtardiness/queiroga2020/Capacity20/75/75J_s10_r10/1.dat,queiroga2020,21284,21317.5,17.88
batchschedulingtotalweightedtardiness/queiroga2020/Capacity20/75/75J_s10_r10/2.dat,queiroga2020,25285,25332.8,12.3
batchschedulingtotalweightedtardiness/queiroga2020/Capacity20/75/75J_s10_r10/3.dat,queiroga2020,20702,20777.3,12.93
batchschedulingtotalweightedtardiness/queiroga2020/Capacity20/75/75J_s10_r10/4.dat,queiroga2020,26327,26464.6,15.95
batchschedulingtotalweightedtardiness/queiroga2020/Capacity20/75/75J_s10_r10/5.dat,queiroga2020,20129,20232.4,13.71
batchschedulingtotalweightedtardiness/queiroga2020/Capacity20/75/75J_s10_r40/1.dat,queiroga2020,13012,13093,16.47
batchschedulingtotalweightedtardiness/queiroga2020/Capacity20/75/75J_s10_r40/2.dat,queiroga2020,13339,13420.2,15.55
batchschedulingtotalweightedtardiness/queiroga2020/Capacity20/75/75J_s10_r40/3.dat,queiroga2020,10373,10514.6,15.91
batchschedulingtotalweightedtardiness/queiroga2020/Capacity20/75/75J_s10_r40/4.dat,queiroga2020,11369,11416.3,14.16
batchschedulingtotalweightedtardiness/queiroga2020/Capacity20/75/75J_s10_r40/5.dat,queiroga2020,9174,9268.5,19.33
batchschedulingtotalweightedtardiness/queiroga2020/Capacity20/75/75J_s10_r80/1.dat,queiroga2020,5214,5214,22.05
batchschedulingtotalweightedtardiness/queiroga2020/Capacity20/75/75J_s10_r80/2.dat,queiroga2020,3684,3685.5,23.69
batchschedulingtotalweightedtardiness/queiroga2020/Capacity20/75/75J_s10_r80/3.dat,queiroga2020,6827,6924.3,21.06
batchschedulingtotalweightedtardiness/queiroga2020/Capacity20/75/75J_s10_r80/4.dat,queiroga2020,9152,9223.2,25.17
batchschedulingtotalweightedtardiness/queiroga2020/Capacity20/75/75J_s10_r80/5.dat,queiroga2020,8633,8660,20.69
batchschedulingtotalweightedtardiness/queiroga2020/Capacity20/75/75J_s15_r10/1.dat,queiroga2020,41213,41213,29.69
batchschedulingtotalweightedtardiness/queiroga2020/Capacity20/75/75J_s15_r10/2.dat,queiroga2020,52242,52310.1,29.86
batchschedulingtotalweightedtardiness/queiroga2020/Capacity20/75/75J_s15_r10/3.dat,queiroga2020,54298,54298,30.13
batchschedulingtotalweightedtardiness/queiroga2020/Capacity20/75/75J_s15_r10/4.dat,queiroga2020,52318,52335.4,29.5
batchschedulingtotalweightedtardiness/queiroga2020/Capacity20/75/75J_s15_r10/5.dat,queiroga2020,52478,52550.8,26.73
batchschedulingtotalweightedtardiness/queiroga2020/Capacity20/75/75J_s15_r40/1.dat,queiroga2020,34361,34404.8,36.53
batchschedulingtotalweightedtardiness/queiroga2020/Capacity20/75/75J_s15_r40/2.dat,queiroga2020,23019,23105.1,29.36
batchschedulingtotalweightedtardiness/queiroga2020/Capacity20/75/75J_s15_r40/3.dat,queiroga2020,26275,26275,40.31
batchschedulingtotalweightedtardiness/queiroga2020/Capacity20/75/75J_s15_r40/4.dat,queiroga2020,20172,20278.8,35.7
batchschedulingtotalweightedtardiness/queiroga2020/Capacity20/75/75J_s15_r40/5.dat,queiroga2020,21317,21345.4,36.74
batchschedulingtotalweightedtardiness/queiroga2020/Capacity20/75/75J_s15_r80/1.dat,queiroga2020,17267,17311,47.18
batchschedulingtotalweightedtardiness/queiroga2020/Capacity20/75/75J_s15_r80/2.dat,queiroga2020,8816,8816,43.98
batchschedulingtotalweightedtardiness/queiroga2020/Capacity20/75/75J_s15_r80/3.dat,queiroga2020,9864,9864,40.81
batchschedulingtotalweightedtardiness/queiroga2020/Capacity20/75/75J_s15_r80/4.dat,queiroga2020,7201,7204.8,33.46
batchschedulingtotalweightedtardiness/queiroga2020/Capacity20/75/75J_s15_r80/5.dat,queiroga2020,5736,5808.8,45.32
batchschedulingtotalweightedtardiness/queiroga2020/Capacity20/75/75J_s20_r10/1.dat,queiroga2020,40482,40637.9,26.87
batchschedulingtotalweightedtardiness/queiroga2020/Capacity20/75/75J_s20_r10/2.dat,queiroga2020,43432,43489.5,36.45
batchschedulingtotalweightedtardiness/queiroga2020/Capacity20/75/75J_s20_r10/3.dat,queiroga2020,30948,31027.7,24.36
batchschedulingtotalweightedtardiness/queiroga2020/Capacity20/75/75J_s20_r10/4.dat,queiroga2020,42611,42720.3,23.55
batchschedulingtotalweightedtardiness/queiroga2020/Capacity20/75/75J_s20_r10/5.dat,queiroga2020,37387,37418.8,20.26
batchschedulingtotalweightedtardiness/queiroga2020/Capacity20/75/75J_s20_r40/1.dat,queiroga2020,29340,29429.2,34.85
batchschedulingtotalweightedtardiness/queiroga2020/Capacity20/75/75J_s20_r40/2.dat,queiroga2020,17614,17623.7,32.64
batchschedulingtotalweightedtardiness/queiroga2020/Capacity20/75/75J_s20_r40/3.dat,queiroga2020,36518,36581,35.82
batchschedulingtotalweightedtardiness/queiroga2020/Capacity20/75/75J_s20_r40/4.dat,queiroga2020,26407,26440.9,36.6
batchschedulingtotalweightedtardiness/queiroga2020/Capacity20/75/75J_s20_r40/5.dat,queiroga2020,25416,25434.4,31.72
batchschedulingtotalweightedtardiness/queiroga2020/Capacity20/75/75J_s20_r80/1.dat,queiroga2020,7028,7028,35.88
batchschedulingtotalweightedtardiness/queiroga2020/Capacity20/75/75J_s20_r80/2.dat,queiroga2020,5616,5616,39.6
batchschedulingtotalweightedtardiness/queiroga2020/Capacity20/75/75J_s20_r80/3.dat,queiroga2020,10710,10771.7,34.96
batchschedulingtotalweightedtardiness/queiroga2020/Capacity20/75/75J_s20_r80/4.dat,queiroga2020,8934,8962.2,36.72
batchschedulingtotalweightedtardiness/queiroga2020/Capacity20/75/75J_s20_r80/5.dat,queiroga2020,10211,10211,34.54
batchschedulingtotalweightedtardiness/queiroga2020/Capacity20/100/100J_s10_r10/1.dat,queiroga2020,36109,36278.6,40.37
batchschedulingtotalweightedtardiness/queiroga2020/Capacity20/100/100J_s10_r10/2.dat,queiroga2020,40318,40612.5,40.01
batchschedulingtotalweightedtardiness/queiroga2020/Capacity20/100/100J_s10_r10/3.dat,queiroga2020,41823,41947.4,47.9
batchschedulingtotalweightedtardiness/queiroga2020/Capacity20/100/100J_s10_r10/4.dat,queiroga2020,38459,38556.2,38
batchschedulingtotalweightedtardiness/queiroga2020/Capacity20/100/100J_s10_r10/5.dat,queiroga2020,35731,35903,42.85
batchschedulingtotalweightedtardiness/queiroga2020/Capacity20/100/100J_s10_r40/1.dat,queiroga2020,30461,30587.7,53.2
batchschedulingtotalweightedtardiness/queiroga2020/Capacity20/100/100J_s10_r40/2.dat,queiroga2020,24749,25312.9,52.75
batchschedulingtotalweightedtardiness/queiroga2020/Capacity20/100/100J_s10_r40/3.dat,queiroga2020,22584,22902.2,52.24
batchschedulingtotalweightedtardiness/queiroga2020/Capacity20/100/100J_s10_r40/4.dat,queiroga2020,24671,25049.4,50.76
batchschedulingtotalweightedtardiness/queiroga2020/Capacity20/100/100J_s10_r40/5.dat,queiroga2020,25921,26182.2,47.12
batchschedulingtotalweightedtardiness/queiroga2020/Capacity20/100/100J_s10_r80/1.dat,queiroga2020,8510,8573.2,68.84
batchschedulingtotalweightedtardiness/queiroga2020/Capacity20/100/100J_s10_r80/2.dat,queiroga2020,5107,5127.5,59.08
batchschedulingtotalweightedtardiness/queiroga2020/Capacity20/100/100J_s10_r80/3.dat,queiroga2020,12902,13263.1,59.21
batchschedulingtotalweightedtardiness/queiroga2020/Capacity20/100/100J_s10_r80/4.dat,queiroga2020,7481,7514.8,69.93
batchschedulingtotalweightedtardiness/queiroga2020/Capacity20/100/100J_s10_r80/5.dat,queiroga2020,11999,12147.3,76.91
batchschedulingtotalweightedtardiness/queiroga2020/Capacity20/100/100J_s15_r10/1.dat,queiroga2020,95150,95157,87.46
batchschedulingtotalweightedtardiness/queiroga2020/Capacity20/100/100J_s15_r10/2.dat,queiroga2020,66298,66439.3,83.84
batchschedulingtotalweightedtardiness/queiroga2020/Capacity20/100/100J_s15_r10/3.dat,queiroga2020,70065,70149.6,91.51
batchschedulingtotalweightedtardiness/queiroga2020/Capacity20/100/100J_s15_r10/4.dat,queiroga2020,82578,82714.4,93.42
batchschedulingtotalweightedtardiness/queiroga2020/Capacity20/100/100J_s15_r10/5.dat,queiroga2020,83416,83529.6,90.41
batchschedulingtotalweightedtardiness/queiroga2020/Capacity20/100/100J_s15_r40/1.dat,queiroga2020,47466,47555.6,93.12
batchschedulingtotalweightedtardiness/queiroga2020/Capacity20/100/100J_s15_r40/2.dat,queiroga2020,32600,32961.3,121.42
batchschedulingtotalweightedtardiness/queiroga2020/Capacity20/100/100J_s15_r40/3.dat,queiroga2020,52786,52933.4,109.51
batchschedulingtotalweightedtardiness/queiroga2020/Capacity20/100/100J_s15_r40/4.dat,queiroga2020,70025,70335.7,98.78
batchschedulingtotalweightedtardiness/queiroga2020/Capacity20/100/100J_s15_r40/5.dat,queiroga2020,38135,38348.8,102.74
batchschedulingtotalweightedtardiness/queiroga2020/Capacity20/100/100J_s15_r80/1.dat,queiroga2020,13788,13848.6,122.34
batchschedulingtotalweightedtardiness/queiroga2020/Capacity20/100/100J_s15_r80/2.dat,queiroga2020,18514,18646,146.67
batchschedulingtotalweightedtardiness/queiroga2020/Capacity20/100/100J_s15_r80/3.dat,queiroga2020,17071,17168.2,118.92
batchschedulingtotalweightedtardiness/queiroga2020/Capacity20/100/100J_s15_r80/4.dat,queiroga2020,9374,9436.4,135.8
batchschedulingtotalweightedtardiness/queiroga2020/Capacity20/100/100J_s15_r80/5.dat,queiroga2020,16485,16537.1,156.52
batchschedulingtotalweightedtardiness/queiroga2020/Capacity20/100/100J_s20_r10/1.dat,queiroga2020,72602,72806.6,103.34
batchschedulingtotalweightedtardiness/queiroga2020/Capacity20/100/100J_s20_r10/2.dat,queiroga2020,54496,54745.8,74.62
batchschedulingtotalweightedtardiness/queiroga2020/Capacity20/100/100J_s20_r10/3.dat,queiroga2020,98760,98965.3,86.66
batchschedulingtotalweightedtardiness/queiroga2020/Capacity20/100/100J_s20_r10/4.dat,queiroga2020,83776,83944.7,77.15
batchschedulingtotalweightedtardiness/queiroga2020/Capacity20/100/100J_s20_r10/5.dat,queiroga2020,79203,79406,90.13
batchschedulingtotalweightedtardiness/queiroga2020/Capacity20/100/100J_s20_r40/1.dat,queiroga2020,55451,55593.9,128.55
batchschedulingtotalweightedtardiness/queiroga2020/Capacity20/100/100J_s20_r40/2.dat,queiroga2020,58513,58700.7,135.24
batchschedulingtotalweightedtardiness/queiroga2020/Capacity20/100/100J_s20_r40/3.dat,queiroga2020,28079,28168.6,102.65
batchschedulingtotalweightedtardiness/queiroga2020/Capacity20/100/100J_s20_r40/4.dat,queiroga2020,45507,45846.9,108.55
batchschedulingtotalweightedtardiness/queiroga2020/Capacity20/100/100J_s20_r40/5.dat,queiroga2020,35205,35253,93.3
batchschedulingtotalweightedtardiness/queiroga2020/Capacity20/100/100J_s20_r80/1.dat,queiroga2020,10054,10175.1,122.22
batchschedulingtotalweightedtardiness/queiroga2020/Capacity20/100/100J_s20_r80/2.dat,queiroga2020,23794,23796.4,146.15
batchschedulingtotalweightedtardiness/queiroga2020/Capacity20/100/100J_s20_r80/3.dat,queiroga2020,13196,13255.5,122.17
batchschedulingtotalweightedtardiness/queiroga2020/Capacity20/100/100J_s20_r80/4.dat,queiroga2020,9696,9700.8,117.56
batchschedulingtotalweightedtardiness/queiroga2020/Capacity20/100/100J_s20_r80/5.dat,queiroga2020,11712,11712,126.59
batchschedulingtotalweightedtardiness/queiroga2020/Capacity40/10/10J_s20_r10/1.dat,queiroga2020,754,754,0.03
batchschedulingtotalweightedtardiness/queiroga2020/Capacity40/10/10J_s20_r10/2.dat,queiroga2020,351,351,0.03
batchschedulingtotalweightedtardiness/queiroga2020/Capacity40/10/10J_s20_r10/3.dat,queiroga2020,287,287,0.02
batchschedulingtotalweightedtardiness/queiroga2020/Capacity40/10/10J_s20_r10/4.dat,queiroga2020,428,428,0.02
batchschedulingtotalweightedtardiness/queiroga2020/Capacity40/10/10J_s20_r10/5.dat,queiroga2020,235,235,0.03
batchschedulingtotalweightedtardiness/queiroga2020/Capacity40/10/10J_s20_r40/1.dat,queiroga2020,228,228,0.04
batchschedulingtotalweightedtardiness/queiroga2020/Capacity40/10/10J_s20_r40/2.dat,queiroga2020,109,109,0.03
batchschedulingtotalweightedtardiness/queiroga2020/Capacity40/10/10J_s20_r40/3.dat,queiroga2020,493,493,0.04
batchschedulingtotalweightedtardiness/queiroga2020/Capacity40/10/10J_s20_r40/4.dat,queiroga2020,230,230,0.03
batchschedulingtotalweightedtardiness/queiroga2020/Capacity40/10/10J_s20_r40/5.dat,queiroga2020,374,374,0.04
batchschedulingtotalweightedtardiness/queiroga2020/Capacity40/10/10J_s20_r80/1.dat,queiroga2020,159,159,0.04
batchschedulingtotalweightedtardiness/queiroga2020/Capacity40/10/10J_s20_r80/2.dat,queiroga2020,126,126,0.06
batchschedulingtotalweightedtardiness/queiroga2020/Capacity40/10/10J_s20_r80/3.dat,queiroga2020,50,50,0.02
batchschedulingtotalweightedtardiness/queiroga2020/Capacity40/10/10J_s20_r80/4.dat,queiroga2020,323,323,0.06
batchschedulingtotalweightedtardiness/queiroga2020/Capacity40/10/10J_s20_r80/5.dat,queiroga2020,185,185,0.06
batchschedulingtotalweightedtardiness/queiroga2020/Capacity40/10/10J_s30_r10/1.dat,queiroga2020,174,174,0.03
batchschedulingtotalweightedtardiness/queiroga2020/Capacity40/10/10J_s30_r10/2.dat,queiroga2020,248,248,0.03
batchschedulingtotalweightedtardiness/queiroga2020/Capacity40/10/10J_s30_r10/3.dat,queiroga2020,241,241,0.03
batchschedulingtotalweightedtardiness/queiroga2020/Capacity40/10/10J_s30_r10/4.dat,queiroga2020,297,297,0.03
batchschedulingtotalweightedtardiness/queiroga2020/Capacity40/10/10J_s30_r10/5.dat,queiroga2020,848,848,0.03
batchschedulingtotalweightedtardiness/queiroga2020/Capacity40/10/10J_s30_r40/1.dat,queiroga2020,317,317,0.03
batchschedulingtotalweightedtardiness/queiroga2020/Capacity40/10/10J_s30_r40/2.dat,queiroga2020,576,576,0.03
batchschedulingtotalweightedtardiness/queiroga2020/Capacity40/10/10J_s30_r40/3.dat,queiroga2020,885,885,0.04
batchschedulingtotalweightedtardiness/queiroga2020/Capacity40/10/10J_s30_r40/4.dat,queiroga2020,956,956,0.04
batchschedulingtotalweightedtardiness/queiroga2020/Capacity40/10/10J_s30_r40/5.dat,queiroga2020,282,282,0.04
batchschedulingtotalweightedtardiness/queiroga2020/Capacity40/10/10J_s30_r80/1.dat,queiroga2020,355,355,0.04
batchschedulingtotalweightedtardiness/queiroga2020/Capacity40/10/10J_s30_r80/2.dat,queiroga2020,453,453,0.05
batchschedulingtotalweightedtardiness/queiroga2020/Capacity40/10/10J_s30_r80/3.dat,queiroga2020,370,370,0.05
batchschedulingtotalweightedtardiness/queiroga2020/Capacity40/10/10J_s30_r80/4.dat,queiroga2020,213,213,0.04
batchschedulingtotalweightedtardiness/queiroga2020/Capacity40/10/10J_s30_r80/5.dat,queiroga2020,337,337,0.03
batchschedulingtotalweightedtardiness/queiroga2020/Capacity40/10/10J_s40_r10/1.dat,queiroga2020,990,990,0.04
batchschedulingtotalweightedtardiness/queiroga2020/Capacity40/10/10J_s40_r10/2.dat,queiroga2020,629,629,0.02
batchschedulingtotalweightedtardiness/queiroga2020/Capacity40/10/10J_s40_r10/3.dat,queiroga2020,1402,1402,0.02
batchschedulingtotalweightedtardiness/queiroga2020/Capacity40/10/10J_s40_r10/4.dat,queiroga2020,280,280,0.02
batchschedulingtotalweightedtardiness/queiroga2020/Capacity40/10/10J_s40_r10/5.dat,queiroga2020,433,433,0.03
batchschedulingtotalweightedtardiness/queiroga2020/Capacity40/10/10J_s40_r40/1.dat,queiroga2020,171,171,0.02
batchschedulingtotalweightedtardiness/queiroga2020/Capacity40/10/10J_s40_r40/2.dat,queiroga2020,153,153,0.02
batchschedulingtotalweightedtardiness/queiroga2020/Capacity40/10/10J_s40_r40/3.dat,queiroga2020,474,474,0.03
batchschedulingtotalweightedtardiness/queiroga2020/Capacity40/10/10J_s40_r40/4.dat,queiroga2020,261,261,0.03
batchschedulingtotalweightedtardiness/queiroga2020/Capacity40/10/10J_s40_r40/5.dat,queiroga2020,795,795,0.02
batchschedulingtotalweightedtardiness/queiroga2020/Capacity40/10/10J_s40_r80/1.dat,queiroga2020,504,504,0.02
batchschedulingtotalweightedtardiness/queiroga2020/Capacity40/10/10J_s40_r80/2.dat,queiroga2020,546,546,0.02
batchschedulingtotalweightedtardiness/queiroga2020/Capacity40/10/10J_s40_r80/3.dat,queiroga2020,389,389,0.04
batchschedulingtotalweightedtardiness/queiroga2020/Capacity40/10/10J_s40_r80/4.dat,queiroga2020,656,656,0.02
batchschedulingtotalweightedtardiness/queiroga2020/Capacity40/10/10J_s40_r80/5.dat,queiroga2020,371,371,0.05
batchschedulingtotalweightedtardiness/queiroga2020/Capacity40/15/15J_s20_r10/1.dat,queiroga2020,1388,1388,0.07
batchschedulingtotalweightedtardiness/queiroga2020/Capacity40/15/15J_s20_r10/2.dat,queiroga2020,898,898,0.07
batchschedulingtotalweightedtardiness/queiroga2020/Capacity40/15/15J_s20_r10/3.dat,queiroga2020,1199,1199,0.11
batchschedulingtotalweightedtardiness/queiroga2020/Capacity40/15/15J_s20_r10/4.dat,queiroga2020,933,933,0.09
batchschedulingtotalweightedtardiness/queiroga2020/Capacity40/15/15J_s20_r10/5.dat,queiroga2020,693,693,0.08
batchschedulingtotalweightedtardiness/queiroga2020/Capacity40/15/15J_s20_r40/1.dat,queiroga2020,769,769,0.1
batchschedulingtotalweightedtardiness/queiroga2020/Capacity40/15/15J_s20_r40/2.dat,queiroga2020,351,351,0.06
batchschedulingtotalweightedtardiness/queiroga2020/Capacity40/15/15J_s20_r40/3.dat,queiroga2020,858,858,0.11
batchschedulingtotalweightedtardiness/queiroga2020/Capacity40/15/15J_s20_r40/4.dat,queiroga2020,517,517,0.08
batchschedulingtotalweightedtardiness/queiroga2020/Capacity40/15/15J_s20_r40/5.dat,queiroga2020,1205,1205,0.1
batchschedulingtotalweightedtardiness/queiroga2020/Capacity40/15/15J_s20_r80/1.dat,queiroga2020,912,912,0.13
batchschedulingtotalweightedtardiness/queiroga2020/Capacity40/15/15J_s20_r80/2.dat,queiroga2020,1247,1247,0.12
batchschedulingtotalweightedtardiness/queiroga2020/Capacity40/15/15J_s20_r80/3.dat,queiroga2020,366,366,0.12
batchschedulingtotalweightedtardiness/queiroga2020/Capacity40/15/15J_s20_r80/4.dat,queiroga2020,91,91,0.16
batchschedulingtotalweightedtardiness/queiroga2020/Capacity40/15/15J_s20_r80/5.dat,queiroga2020,364,364,0.11
batchschedulingtotalweightedtardiness/queiroga2020/Capacity40/15/15J_s30_r10/1.dat,queiroga2020,2555,2555,0.13
batchschedulingtotalweightedtardiness/queiroga2020/Capacity40/15/15J_s30_r10/2.dat,queiroga2020,3719,3719,0.11
batchschedulingtotalweightedtardiness/queiroga2020/Capacity40/15/15J_s30_r10/3.dat,queiroga2020,2009,2009,0.1
batchschedulingtotalweightedtardiness/queiroga2020/Capacity40/15/15J_s30_r10/4.dat,queiroga2020,1025,1025,0.1
batchschedulingtotalweightedtardiness/queiroga2020/Capacity40/15/15J_s30_r10/5.dat,queiroga2020,1730,1730,0.08
batchschedulingtotalweightedtardiness/queiroga2020/Capacity40/15/15J_s30_r40/1.dat,queiroga2020,1196,1196,0.09
batchschedulingtotalweightedtardiness/queiroga2020/Capacity40/15/15J_s30_r40/2.dat,queiroga2020,1337,1337,0.08
batchschedulingtotalweightedtardiness/queiroga2020/Capacity40/15/15J_s30_r40/3.dat,queiroga2020,923,923,0.09
batchschedulingtotalweightedtardiness/queiroga2020/Capacity40/15/15J_s30_r40/4.dat,queiroga2020,937,937,0.11
batchschedulingtotalweightedtardiness/queiroga2020/Capacity40/15/15J_s30_r40/5.dat,queiroga2020,899,899,0.08
batchschedulingtotalweightedtardiness/queiroga2020/Capacity40/15/15J_s30_r80/1.dat,queiroga2020,329,329,0.14
batchschedulingtotalweightedtardiness/queiroga2020/Capacity40/15/15J_s30_r80/2.dat,queiroga2020,366,366,0.11
batchschedulingtotalweightedtardiness/queiroga2020/Capacity40/15/15J_s30_r80/3.dat,queiroga2020,1895,1895,0.13
batchschedulingtotalweightedtardiness/queiroga2020/Capacity40/15/15J_s30_r80/4.dat,queiroga2020,693,693,0.11
batchschedulingtotalweightedtardiness/queiroga2020/Capacity40/15/15J_s30_r80/5.dat,queiroga2020,415,415,0.12
batchschedulingtotalweightedtardiness/queiroga2020/Capacity40/15/15J_s40_r10/1.dat,queiroga2020,2007,2007,0.1
batchschedulingtotalweightedtardiness/queiroga2020/Capacity40/15/15J_s40_r10/2.dat,queiroga2020,1303,1303,0.09
batchschedulingtotalweightedtardiness/queiroga2020/Capacity40/15/15J_s40_r10/3.dat,queiroga2020,1009,1009,0.1
batchschedulingtotalweightedtardiness/queiroga2020/Capacity40/15/15J_s40_r10/4.dat,queiroga2020,1048,1048,0.12
batchschedulingtotalweightedtardiness/queiroga2020/Capacity40/15/15J_s40_r10/5.dat,queiroga2020,1428,1428,0.07
batchschedulingtotalweightedtardiness/queiroga2020/Capacity40/15/15J_s40_r40/1.dat,queiroga2020,1669,1669,0.09
batchschedulingtotalweightedtardiness/queiroga2020/Capacity40/15/15J_s40_r40/2.dat,queiroga2020,1613,1613,0.12
batchschedulingtotalweightedtardiness/queiroga2020/Capacity40/15/15J_s40_r40/3.dat,queiroga2020,1800,1800,0.13
batchschedulingtotalweightedtardiness/queiroga2020/Capacity40/15/15J_s40_r40/4.dat,queiroga2020,1282,1282,0.09
batchschedulingtotalweightedtardiness/queiroga2020/Capacity40/15/15J_s40_r40/5.dat,queiroga2020,1487,1487,0.08
batchschedulingtotalweightedtardiness/queiroga2020/Capacity40/15/15J_s40_r80/1.dat,queiroga2020,106,106,0.11
batchschedulingtotalweightedtardiness/queiroga2020/Capacity40/15/15J_s40_r80/2.dat,queiroga2020,832,832,0.12
batchschedulingtotalweightedtardiness/queiroga2020/Capacity40/15/15J_s40_r80/3.dat,queiroga2020,419,419,0.09
batchschedulingtotalweightedtardiness/queiroga2020/Capacity40/15/15J_s40_r80/4.dat,queiroga2020,2203,2203,0.1
batchschedulingtotalweightedtardiness/queiroga2020/Capacity40/15/15J_s40_r80/5.dat,queiroga2020,327,327,0.14
batchschedulingtotalweightedtardiness/queiroga2020/Capacity40/20/20J_s20_r10/1.dat,queiroga2020,1324,1324,0.21
batchschedulingtotalweightedtardiness/queiroga2020/Capacity40/20/20J_s20_r10/2.dat,queiroga2020,1885,1885,0.16
batchschedulingtotalweightedtardiness/queiroga2020/Capacity40/20/20J_s20_r10/3.dat,queiroga2020,1170,1170,0.16
batchschedulingtotalweightedtardiness/queiroga2020/Capacity40/20/20J_s20_r10/4.dat,queiroga2020,1935,1935,0.15
batchschedulingtotalweightedtardiness/queiroga2020/Capacity40/20/20J_s20_r10/5.dat,queiroga2020,1898,1898,0.25
batchschedulingtotalweightedtardiness/queiroga2020/Capacity40/20/20J_s20_r40/1.dat,queiroga2020,597,597,0.21
batchschedulingtotalweightedtardiness/queiroga2020/Capacity40/20/20J_s20_r40/2.dat,queiroga2020,1446,1446,0.2
batchschedulingtotalweightedtardiness/queiroga2020/Capacity40/20/20J_s20_r40/3.dat,queiroga2020,1036,1036,0.24
batchschedulingtotalweightedtardiness/queiroga2020/Capacity40/20/20J_s20_r40/4.dat,queiroga2020,935,935,0.24
batchschedulingtotalweightedtardiness/queiroga2020/Capacity40/20/20J_s20_r40/5.dat,queiroga2020,1236,1236,0.17
batchschedulingtotalweightedtardiness/queiroga2020/Capacity40/20/20J_s20_r80/1.dat,queiroga2020,391,391,0.31
batchschedulingtotalweightedtardiness/queiroga2020/Capacity40/20/20J_s20_r80/2.dat,queiroga2020,608,608,0.34
batchschedulingtotalweightedtardiness/queiroga2020/Capacity40/20/20J_s20_r80/3.dat,queiroga2020,684,684,0.29
batchschedulingtotalweightedtardiness/queiroga2020/Capacity40/20/20J_s20_r80/4.dat,queiroga2020,1326,1326,0.37
batchschedulingtotalweightedtardiness/queiroga2020/Capacity40/20/20J_s20_r80/5.dat,queiroga2020,645,645,0.29
batchschedulingtotalweightedtardiness/queiroga2020/Capacity40/20/20J_s30_r10/1.dat,queiroga2020,3446,3446,0.26
batchschedulingtotalweightedtardiness/queiroga2020/Capacity40/20/20J_s30_r10/2.dat,queiroga2020,2734,2734,0.25
batchschedulingtotalweightedtardiness/queiroga2020/Capacity40/20/20J_s30_r10/3.dat,queiroga2020,2834,2834,0.31
batchschedulingtotalweightedtardiness/queiroga2020/Capacity40/20/20J_s30_r10/4.dat,queiroga2020,3802,3802,0.23
batchschedulingtotalweightedtardiness/queiroga2020/Capacity40/20/20J_s30_r10/5.dat,queiroga2020,4541,4541,0.2
batchschedulingtotalweightedtardiness/queiroga2020/Capacity40/20/20J_s30_r40/1.dat,queiroga2020,1931,1931,0.25
batchschedulingtotalweightedtardiness/queiroga2020/Capacity40/20/20J_s30_r40/2.dat,queiroga2020,2395,2395,0.27
batchschedulingtotalweightedtardiness/queiroga2020/Capacity40/20/20J_s30_r40/3.dat,queiroga2020,4309,4309,0.2
batchschedulingtotalweightedtardiness/queiroga2020/Capacity40/20/20J_s30_r40/4.dat,queiroga2020,2045,2045,0.24
batchschedulingtotalweightedtardiness/queiroga2020/Capacity40/20/20J_s30_r40/5.dat,queiroga2020,2093,2093,0.21
batchschedulingtotalweightedtardiness/queiroga2020/Capacity40/20/20J_s30_r80/1.dat,queiroga2020,1088,1088,0.22
batchschedulingtotalweightedtardiness/queiroga2020/Capacity40/20/20J_s30_r80/2.dat,queiroga2020,1368,1368,0.26
batchschedulingtotalweightedtardiness/queiroga2020/Capacity40/20/20J_s30_r80/3.dat,queiroga2020,1793,1793,0.28
batchschedulingtotalweightedtardiness/queiroga2020/Capacity40/20/20J_s30_r80/4.dat,queiroga2020,828,828,0.29
batchschedulingtotalweightedtardiness/queiroga2020/Capacity40/20/20J_s30_r80/5.dat,queiroga2020,2044,2044,0.22
batchschedulingtotalweightedtardiness/queiroga2020/Capacity40/20/20J_s40_r10/1.dat,queiroga2020,1798,1798,0.16
batchschedulingtotalweightedtardiness/queiroga2020/Capacity40/20/20J_s40_r10/2.dat,queiroga2020,2540,2540,0.18
batchschedulingtotalweightedtardiness/queiroga2020/Capacity40/20/20J_s40_r10/3.dat,queiroga2020,3026,3026,0.2
batchschedulingtotalweightedtardiness/queiroga2020/Capacity40/20/20J_s40_r10/4.dat,queiroga2020,4413,4413,0.25
batchschedulingtotalweightedtardiness/queiroga2020/Capacity40/20/20J_s40_r10/5.dat,queiroga2020,4302,4302,0.21
batchschedulingtotalweightedtardiness/queiroga2020/Capacity40/20/20J_s40_r40/1.dat,queiroga2020,1250,1250,0.25
batchschedulingtotalweightedtardiness/queiroga2020/Capacity40/20/20J_s40_r40/2.dat,queiroga2020,2267,2267,0.23
batchschedulingtotalweightedtardiness/queiroga2020/Capacity40/20/20J_s40_r40/3.dat,queiroga2020,1792,1792,0.26
batchschedulingtotalweightedtardiness/queiroga2020/Capacity40/20/20J_s40_r40/4.dat,queiroga2020,1572,1572,0.23
batchschedulingtotalweightedtardiness/queiroga2020/Capacity40/20/20J_s40_r40/5.dat,queiroga2020,1569,1569,0.29
batchschedulingtotalweightedtardiness/queiroga2020/Capacity40/20/20J_s40_r80/1.dat,queiroga2020,1562,1562,0.23
batchschedulingtotalweightedtardiness/queiroga2020/Capacity40/20/20J_s40_r80/2.dat,queiroga2020,1266,1266,0.28
batchschedulingtotalweightedtardiness/queiroga2020/Capacity40/20/20J_s40_r80/3.dat,queiroga2020,535,535,0.36
batchschedulingtotalweightedtardiness/queiroga2020/Capacity40/20/20J_s40_r80/4.dat,queiroga2020,909,909,0.26
batchschedulingtotalweightedtardiness/queiroga2020/Capacity40/20/20J_s40_r80/5.dat,queiroga2020,1097,1097,0.28
batchschedulingtotalweightedtardiness/queiroga2020/Capacity40/25/25J_s20_r10/1.dat,queiroga2020,3422,3422,0.32
batchschedulingtotalweightedtardiness/queiroga2020/Capacity40/25/25J_s20_r10/2.dat,queiroga2020,2015,2021.4,0.34
batchschedulingtotalweightedtardiness/queiroga2020/Capacity40/25/25J_s20_r10/3.dat,queiroga2020,2083,2083,0.3
batchschedulingtotalweightedtardiness/queiroga2020/Capacity40/25/25J_s20_r10/4.dat,queiroga2020,2922,2922,0.33
batchschedulingtotalweightedtardiness/queiroga2020/Capacity40/25/25J_s20_r10/5.dat,queiroga2020,2131,2131,0.36
batchschedulingtotalweightedtardiness/queiroga2020/Capacity40/25/25J_s20_r40/1.dat,queiroga2020,1704,1704,0.44
batchschedulingtotalweightedtardiness/queiroga2020/Capacity40/25/25J_s20_r40/2.dat,queiroga2020,1378,1378,0.32
batchschedulingtotalweightedtardiness/queiroga2020/Capacity40/25/25J_s20_r40/3.dat,queiroga2020,1584,1584,0.37
batchschedulingtotalweightedtardiness/queiroga2020/Capacity40/25/25J_s20_r40/4.dat,queiroga2020,2369,2369,0.36
batchschedulingtotalweightedtardiness/queiroga2020/Capacity40/25/25J_s20_r40/5.dat,queiroga2020,1945,1945,0.34
batchschedulingtotalweightedtardiness/queiroga2020/Capacity40/25/25J_s20_r80/1.dat,queiroga2020,948,948,0.56
batchschedulingtotalweightedtardiness/queiroga2020/Capacity40/25/25J_s20_r80/2.dat,queiroga2020,1238,1238,0.39
batchschedulingtotalweightedtardiness/queiroga2020/Capacity40/25/25J_s20_r80/3.dat,queiroga2020,979,979,0.54
batchschedulingtotalweightedtardiness/queiroga2020/Capacity40/25/25J_s20_r80/4.dat,queiroga2020,476,476,0.59
batchschedulingtotalweightedtardiness/queiroga2020/Capacity40/25/25J_s20_r80/5.dat,queiroga2020,1095,1095,0.42
batchschedulingtotalweightedtardiness/queiroga2020/Capacity40/25/25J_s30_r10/1.dat,queiroga2020,5640,5640,0.41
batchschedulingtotalweightedtardiness/queiroga2020/Capacity40/25/25J_s30_r10/2.dat,queiroga2020,3916,3916,0.52
batchschedulingtotalweightedtardiness/queiroga2020/Capacity40/25/25J_s30_r10/3.dat,queiroga2020,5752,5752,0.36
batchschedulingtotalweightedtardiness/queiroga2020/Capacity40/25/25J_s30_r10/4.dat,queiroga2020,5802,5802,0.5
batchschedulingtotalweightedtardiness/queiroga2020/Capacity40/25/25J_s30_r10/5.dat,queiroga2020,6477,6477,0.5
batchschedulingtotalweightedtardiness/queiroga2020/Capacity40/25/25J_s30_r40/1.dat,queiroga2020,1821,1821,0.44
batchschedulingtotalweightedtardiness/queiroga2020/Capacity40/25/25J_s30_r40/2.dat,queiroga2020,3676,3676,0.41
batchschedulingtotalweightedtardiness/queiroga2020/Capacity40/25/25J_s30_r40/3.dat,queiroga2020,4440,4440,0.38
batchschedulingtotalweightedtardiness/queiroga2020/Capacity40/25/25J_s30_r40/4.dat,queiroga2020,6856,6856,0.44
batchschedulingtotalweightedtardiness/queiroga2020/Capacity40/25/25J_s30_r40/5.dat,queiroga2020,2158,2158,0.39
batchschedulingtotalweightedtardiness/queiroga2020/Capacity40/25/25J_s30_r80/1.dat,queiroga2020,1154,1154,0.52
batchschedulingtotalweightedtardiness/queiroga2020/Capacity40/25/25J_s30_r80/2.dat,queiroga2020,2008,2008,0.68
batchschedulingtotalweightedtardiness/queiroga2020/Capacity40/25/25J_s30_r80/3.dat,queiroga2020,2077,2077,0.62
batchschedulingtotalweightedtardiness/queiroga2020/Capacity40/25/25J_s30_r80/4.dat,queiroga2020,1303,1303,0.56
batchschedulingtotalweightedtardiness/queiroga2020/Capacity40/25/25J_s30_r80/5.dat,queiroga2020,1264,1264,0.7
batchschedulingtotalweightedtardiness/queiroga2020/Capacity40/25/25J_s40_r10/1.dat,queiroga2020,4326,4326,0.56
batchschedulingtotalweightedtardiness/queiroga2020/Capacity40/25/25J_s40_r10/2.dat,queiroga2020,5302,5302,0.35
batchschedulingtotalweightedtardiness/queiroga2020/Capacity40/25/25J_s40_r10/3.dat,queiroga2020,6393,6393,0.45
batchschedulingtotalweightedtardiness/queiroga2020/Capacity40/25/25J_s40_r10/4.dat,queiroga2020,3408,3408,0.37
batchschedulingtotalweightedtardiness/queiroga2020/Capacity40/25/25J_s40_r10/5.dat,queiroga2020,3784,3784,0.51
batchschedulingtotalweightedtardiness/queiroga2020/Capacity40/25/25J_s40_r40/1.dat,queiroga2020,3906,3906,0.56
batchschedulingtotalweightedtardiness/queiroga2020/Capacity40/25/25J_s40_r40/2.dat,queiroga2020,2498,2498,0.4
batchschedulingtotalweightedtardiness/queiroga2020/Capacity40/25/25J_s40_r40/3.dat,queiroga2020,3283,3283,0.73
batchschedulingtotalweightedtardiness/queiroga2020/Capacity40/25/25J_s40_r40/4.dat,queiroga2020,4870,4870,0.51
batchschedulingtotalweightedtardiness/queiroga2020/Capacity40/25/25J_s40_r40/5.dat,queiroga2020,2996,2996,0.65
batchschedulingtotalweightedtardiness/queiroga2020/Capacity40/25/25J_s40_r80/1.dat,queiroga2020,1387,1387,0.57
batchschedulingtotalweightedtardiness/queiroga2020/Capacity40/25/25J_s40_r80/2.dat,queiroga2020,1579,1579,0.63
batchschedulingtotalweightedtardiness/queiroga2020/Capacity40/25/25J_s40_r80/3.dat,queiroga2020,825,825,0.55
batchschedulingtotalweightedtardiness/queiroga2020/Capacity40/25/25J_s40_r80/4.dat,queiroga2020,472,472,0.67
batchschedulingtotalweightedtardiness/queiroga2020/Capacity40/25/25J_s40_r80/5.dat,queiroga2020,740,740,0.58
batchschedulingtotalweightedtardiness/queiroga2020/Capacity40/30/30J_s20_r10/1.dat,queiroga2020,6133,6133,0.67
batchschedulingtotalweightedtardiness/queiroga2020/Capacity40/30/30J_s20_r10/2.dat,queiroga2020,5498,5498,0.53
batchschedulingtotalweightedtardiness/queiroga2020/Capacity40/30/30J_s20_r10/3.dat,queiroga2020,4068,4068,0.48
batchschedulingtotalweightedtardiness/queiroga2020/Capacity40/30/30J_s20_r10/4.dat,queiroga2020,4785,4785,0.65
batchschedulingtotalweightedtardiness/queiroga2020/Capacity40/30/30J_s20_r10/5.dat,queiroga2020,3949,3949,0.41
batchschedulingtotalweightedtardiness/queiroga2020/Capacity40/30/30J_s20_r40/1.dat,queiroga2020,2574,2574,0.78
batchschedulingtotalweightedtardiness/queiroga2020/Capacity40/30/30J_s20_r40/2.dat,queiroga2020,3515,3516.9,0.92
batchschedulingtotalweightedtardiness/queiroga2020/Capacity40/30/30J_s20_r40/3.dat,queiroga2020,2670,2670,0.58
batchschedulingtotalweightedtardiness/queiroga2020/Capacity40/30/30J_s20_r40/4.dat,queiroga2020,2167,2167,0.85
batchschedulingtotalweightedtardiness/queiroga2020/Capacity40/30/30J_s20_r40/5.dat,queiroga2020,2467,2467,0.78
batchschedulingtotalweightedtardiness/queiroga2020/Capacity40/30/30J_s20_r80/1.dat,queiroga2020,1045,1045,0.85
batchschedulingtotalweightedtardiness/queiroga2020/Capacity40/30/30J_s20_r80/2.dat,queiroga2020,2325,2326,1.08
batchschedulingtotalweightedtardiness/queiroga2020/Capacity40/30/30J_s20_r80/3.dat,queiroga2020,3138,3138,0.98
batchschedulingtotalweightedtardiness/queiroga2020/Capacity40/30/30J_s20_r80/4.dat,queiroga2020,1508,1508,0.85
batchschedulingtotalweightedtardiness/queiroga2020/Capacity40/30/30J_s20_r80/5.dat,queiroga2020,2121,2121,0.91
batchschedulingtotalweightedtardiness/queiroga2020/Capacity40/30/30J_s30_r10/1.dat,queiroga2020,9118,9118,0.73
batchschedulingtotalweightedtardiness/queiroga2020/Capacity40/30/30J_s30_r10/2.dat,queiroga2020,7812,7812,0.77
batchschedulingtotalweightedtardiness/queiroga2020/Capacity40/30/30J_s30_r10/3.dat,queiroga2020,7196,7196,0.78
batchschedulingtotalweightedtardiness/queiroga2020/Capacity40/30/30J_s30_r10/4.dat,queiroga2020,7680,7680,0.63
batchschedulingtotalweightedtardiness/queiroga2020/Capacity40/30/30J_s30_r10/5.dat,queiroga2020,10112,10112,0.79
batchschedulingtotalweightedtardiness/queiroga2020/Capacity40/30/30J_s30_r40/1.dat,queiroga2020,4881,4881,1.17
batchschedulingtotalweightedtardiness/queiroga2020/Capacity40/30/30J_s30_r40/2.dat,queiroga2020,4686,4686,1.36
batchschedulingtotalweightedtardiness/queiroga2020/Capacity40/30/30J_s30_r40/3.dat,queiroga2020,3979,3979,0.89
batchschedulingtotalweightedtardiness/queiroga2020/Capacity40/30/30J_s30_r40/4.dat,queiroga2020,6159,6159,1.25
batchschedulingtotalweightedtardiness/queiroga2020/Capacity40/30/30J_s30_r40/5.dat,queiroga2020,5620,5620,1.06
batchschedulingtotalweightedtardiness/queiroga2020/Capacity40/30/30J_s30_r80/1.dat,queiroga2020,2762,2762,1.34
batchschedulingtotalweightedtardiness/queiroga2020/Capacity40/30/30J_s30_r80/2.dat,queiroga2020,2652,2652,1.22
batchschedulingtotalweightedtardiness/queiroga2020/Capacity40/30/30J_s30_r80/3.dat,queiroga2020,1074,1074,1.08
batchschedulingtotalweightedtardiness/queiroga2020/Capacity40/30/30J_s30_r80/4.dat,queiroga2020,1429,1429,1.06
batchschedulingtotalweightedtardiness/queiroga2020/Capacity40/30/30J_s30_r80/5.dat,queiroga2020,2086,2086,1.34
batchschedulingtotalweightedtardiness/queiroga2020/Capacity40/30/30J_s40_r10/1.dat,queiroga2020,7119,7119,0.69
batchschedulingtotalweightedtardiness/queiroga2020/Capacity40/30/30J_s40_r10/2.dat,queiroga2020,5045,5045,0.72
batchschedulingtotalweightedtardiness/queiroga2020/Capacity40/30/30J_s40_r10/3.dat,queiroga2020,6689,6689,0.87
batchschedulingtotalweightedtardiness/queiroga2020/Capacity40/30/30J_s40_r10/4.dat,queiroga2020,5528,5528,0.73
batchschedulingtotalweightedtardiness/queiroga2020/Capacity40/30/30J_s40_r10/5.dat,queiroga2020,4742,4742,0.62
batchschedulingtotalweightedtardiness/queiroga2020/Capacity40/30/30J_s40_r40/1.dat,queiroga2020,4489,4491,0.97
batchschedulingtotalweightedtardiness/queiroga2020/Capacity40/30/30J_s40_r40/2.dat,queiroga2020,4018,4018,0.89
batchschedulingtotalweightedtardiness/queiroga2020/Capacity40/30/30J_s40_r40/3.dat,queiroga2020,10158,10158,0.83
batchschedulingtotalweightedtardiness/queiroga2020/Capacity40/30/30J_s40_r40/4.dat,queiroga2020,5091,5091,0.99
batchschedulingtotalweightedtardiness/queiroga2020/Capacity40/30/30J_s40_r40/5.dat,queiroga2020,6337,6337,0.8
batchschedulingtotalweightedtardiness/queiroga2020/Capacity40/30/30J_s40_r80/1.dat,queiroga2020,2666,2666,0.77
batchschedulingtotalweightedtardiness/queiroga2020/Capacity40/30/30J_s40_r80/2.dat,queiroga2020,1795,1795,1.07
batchschedulingtotalweightedtardiness/queiroga2020/Capacity40/30/30J_s40_r80/3.dat,queiroga2020,1335,1335,1.15
batchschedulingtotalweightedtardiness/queiroga2020/Capacity40/30/30J_s40_r80/4.dat,queiroga2020,2722,2722,0.91
batchschedulingtotalweightedtardiness/queiroga2020/Capacity40/30/30J_s40_r80/5.dat,queiroga2020,2590,2590,1.26
batchschedulingtotalweightedtardiness/queiroga2020/Capacity40/35/35J_s20_r10/1.dat,queiroga2020,3302,3302,0.81
batchschedulingtotalweightedtardiness/queiroga2020/Capacity40/35/35J_s20_r10/2.dat,queiroga2020,4068,4069,0.84
batchschedulingtotalweightedtardiness/queiroga2020/Capacity40/35/35J_s20_r10/3.dat,queiroga2020,5833,5833,0.85
batchschedulingtotalweightedtardiness/queiroga2020/Capacity40/35/35J_s20_r10/4.dat,queiroga2020,3677,3683.2,0.81
batchschedulingtotalweightedtardiness/queiroga2020/Capacity40/35/35J_s20_r10/5.dat,queiroga2020,4372,4372,0.78
batchschedulingtotalweightedtardiness/queiroga2020/Capacity40/35/35J_s20_r40/1.dat,queiroga2020,2118,2118,0.87
batchschedulingtotalweightedtardiness/queiroga2020/Capacity40/35/35J_s20_r40/2.dat,queiroga2020,3962,3989,1.05
batchschedulingtotalweightedtardiness/queiroga2020/Capacity40/35/35J_s20_r40/3.dat,queiroga2020,2446,2446,1.12
batchschedulingtotalweightedtardiness/queiroga2020/Capacity40/35/35J_s20_r40/4.dat,queiroga2020,1895,1895,0.88
batchschedulingtotalweightedtardiness/queiroga2020/Capacity40/35/35J_s20_r40/5.dat,queiroga2020,3026,3026,0.77
batchschedulingtotalweightedtardiness/queiroga2020/Capacity40/35/35J_s20_r80/1.dat,queiroga2020,2558,2558,1.14
batchschedulingtotalweightedtardiness/queiroga2020/Capacity40/35/35J_s20_r80/2.dat,queiroga2020,1832,1832,1.61
batchschedulingtotalweightedtardiness/queiroga2020/Capacity40/35/35J_s20_r80/3.dat,queiroga2020,2094,2094,1.38
batchschedulingtotalweightedtardiness/queiroga2020/Capacity40/35/35J_s20_r80/4.dat,queiroga2020,1383,1383,1.25
batchschedulingtotalweightedtardiness/queiroga2020/Capacity40/35/35J_s20_r80/5.dat,queiroga2020,2443,2443,1.04
batchschedulingtotalweightedtardiness/queiroga2020/Capacity40/35/35J_s30_r10/1.dat,queiroga2020,7434,7434,1.17
batchschedulingtotalweightedtardiness/queiroga2020/Capacity40/35/35J_s30_r10/2.dat,queiroga2020,6973,6990.9,1.55
batchschedulingtotalweightedtardiness/queiroga2020/Capacity40/35/35J_s30_r10/3.dat,queiroga2020,7499,7499,2
batchschedulingtotalweightedtardiness/queiroga2020/Capacity40/35/35J_s30_r10/4.dat,queiroga2020,14655,14655,1.48
batchschedulingtotalweightedtardiness/queiroga2020/Capacity40/35/35J_s30_r10/5.dat,queiroga2020,11946,11946,1.68
batchschedulingtotalweightedtardiness/queiroga2020/Capacity40/35/35J_s30_r40/1.dat,queiroga2020,9243,9243,2.28
batchschedulingtotalweightedtardiness/queiroga2020/Capacity40/35/35J_s30_r40/2.dat,queiroga2020,5725,5745,1.94
batchschedulingtotalweightedtardiness/queiroga2020/Capacity40/35/35J_s30_r40/3.dat,queiroga2020,5616,5616,1.24
batchschedulingtotalweightedtardiness/queiroga2020/Capacity40/35/35J_s30_r40/4.dat,queiroga2020,9224,9224,1.74
batchschedulingtotalweightedtardiness/queiroga2020/Capacity40/35/35J_s30_r40/5.dat,queiroga2020,6388,6388,1.59
batchschedulingtotalweightedtardiness/queiroga2020/Capacity40/35/35J_s30_r80/1.dat,queiroga2020,2351,2351,2.49
batchschedulingtotalweightedtardiness/queiroga2020/Capacity40/35/35J_s30_r80/2.dat,queiroga2020,2465,2465,1.91
batchschedulingtotalweightedtardiness/queiroga2020/Capacity40/35/35J_s30_r80/3.dat,queiroga2020,3197,3197,1.81
batchschedulingtotalweightedtardiness/queiroga2020/Capacity40/35/35J_s30_r80/4.dat,queiroga2020,1485,1485,2.34
batchschedulingtotalweightedtardiness/queiroga2020/Capacity40/35/35J_s30_r80/5.dat,queiroga2020,4958,4958,1.54
batchschedulingtotalweightedtardiness/queiroga2020/Capacity40/35/35J_s40_r10/1.dat,queiroga2020,10440,10440,1.33
batchschedulingtotalweightedtardiness/queiroga2020/Capacity40/35/35J_s40_r10/2.dat,queiroga2020,12643,12643,1.13
batchschedulingtotalweightedtardiness/queiroga2020/Capacity40/35/35J_s40_r10/3.dat,queiroga2020,13146,13146,1.18
batchschedulingtotalweightedtardiness/queiroga2020/Capacity40/35/35J_s40_r10/4.dat,queiroga2020,9661,9661,1.54
batchschedulingtotalweightedtardiness/queiroga2020/Capacity40/35/35J_s40_r10/5.dat,queiroga2020,7792,7792,0.89
batchschedulingtotalweightedtardiness/queiroga2020/Capacity40/35/35J_s40_r40/1.dat,queiroga2020,5488,5488,1.34
batchschedulingtotalweightedtardiness/queiroga2020/Capacity40/35/35J_s40_r40/2.dat,queiroga2020,5681,5681,1.96
batchschedulingtotalweightedtardiness/queiroga2020/Capacity40/35/35J_s40_r40/3.dat,queiroga2020,7566,7566,1.55
batchschedulingtotalweightedtardiness/queiroga2020/Capacity40/35/35J_s40_r40/4.dat,queiroga2020,2675,2675,1.74
batchschedulingtotalweightedtardiness/queiroga2020/Capacity40/35/35J_s40_r40/5.dat,queiroga2020,5295,5295.6,1.9
batchschedulingtotalweightedtardiness/queiroga2020/Capacity40/35/35J_s40_r80/1.dat,queiroga2020,2265,2265,2.06
batchschedulingtotalweightedtardiness/queiroga2020/Capacity40/35/35J_s40_r80/2.dat,queiroga2020,3663,3663,1.75
batchschedulingtotalweightedtardiness/queiroga2020/Capacity40/35/35J_s40_r80/3.dat,queiroga2020,2205,2205,2.01
batchschedulingtotalweightedtardiness/queiroga2020/Capacity40/35/35J_s40_r80/4.dat,queiroga2020,6399,6399,2.05
batchschedulingtotalweightedtardiness/queiroga2020/Capacity40/35/35J_s40_r80/5.dat,queiroga2020,5349,5349,1.97
batchschedulingtotalweightedtardiness/queiroga2020/Capacity40/50/50J_s20_r10/1.dat,queiroga2020,14525,14540.5,3.78
batchschedulingtotalweightedtardiness/queiroga2020/Capacity40/50/50J_s20_r10/2.dat,queiroga2020,8499,8511.4,3.67
batchschedulingtotalweightedtardiness/queiroga2020/Capacity40/50/50J_s20_r10/3.dat,queiroga2020,8710,8710,4.52
batchschedulingtotalweightedtardiness/queiroga2020/Capacity40/50/50J_s20_r10/4.dat,queiroga2020,10784,10784,3.61
batchschedulingtotalweightedtardiness/queiroga2020/Capacity40/50/50J_s20_r10/5.dat,queiroga2020,11329,11334.2,4.87
batchschedulingtotalweightedtardiness/queiroga2020/Capacity40/50/50J_s20_r40/1.dat,queiroga2020,10484,10484,4.16
batchschedulingtotalweightedtardiness/queiroga2020/Capacity40/50/50J_s20_r40/2.dat,queiroga2020,10853,10865.4,4.23
batchschedulingtotalweightedtardiness/queiroga2020/Capacity40/50/50J_s20_r40/3.dat,queiroga2020,5434,5453,5.55
batchschedulingtotalweightedtardiness/queiroga2020/Capacity40/50/50J_s20_r40/4.dat,queiroga2020,11180,11180,3.93
batchschedulingtotalweightedtardiness/queiroga2020/Capacity40/50/50J_s20_r40/5.dat,queiroga2020,10448,10448,4.86
batchschedulingtotalweightedtardiness/queiroga2020/Capacity40/50/50J_s20_r80/1.dat,queiroga2020,6025,6057,5.31
batchschedulingtotalweightedtardiness/queiroga2020/Capacity40/50/50J_s20_r80/2.dat,queiroga2020,2451,2451,5.41
batchschedulingtotalweightedtardiness/queiroga2020/Capacity40/50/50J_s20_r80/3.dat,queiroga2020,4324,4324,5.11
batchschedulingtotalweightedtardiness/queiroga2020/Capacity40/50/50J_s20_r80/4.dat,queiroga2020,3452,3452,4.93
batchschedulingtotalweightedtardiness/queiroga2020/Capacity40/50/50J_s20_r80/5.dat,queiroga2020,5837,5837,5.23
batchschedulingtotalweightedtardiness/queiroga2020/Capacity40/50/50J_s30_r10/1.dat,queiroga2020,14692,14717.6,5.49
batchschedulingtotalweightedtardiness/queiroga2020/Capacity40/50/50J_s30_r10/2.dat,queiroga2020,18287,18287,4.81
batchschedulingtotalweightedtardiness/queiroga2020/Capacity40/50/50J_s30_r10/3.dat,queiroga2020,20903,20910,6.4
batchschedulingtotalweightedtardiness/queiroga2020/Capacity40/50/50J_s30_r10/4.dat,queiroga2020,23093,23093,6.54
batchschedulingtotalweightedtardiness/queiroga2020/Capacity40/50/50J_s30_r10/5.dat,queiroga2020,24165,24190,4.77
batchschedulingtotalweightedtardiness/queiroga2020/Capacity40/50/50J_s30_r40/1.dat,queiroga2020,20931,20944,6.42
batchschedulingtotalweightedtardiness/queiroga2020/Capacity40/50/50J_s30_r40/2.dat,queiroga2020,12524,12543,6.7
batchschedulingtotalweightedtardiness/queiroga2020/Capacity40/50/50J_s30_r40/3.dat,queiroga2020,9284,9284,6.51
batchschedulingtotalweightedtardiness/queiroga2020/Capacity40/50/50J_s30_r40/4.dat,queiroga2020,11326,11341.2,7.6
batchschedulingtotalweightedtardiness/queiroga2020/Capacity40/50/50J_s30_r40/5.dat,queiroga2020,18501,18501,6.33
batchschedulingtotalweightedtardiness/queiroga2020/Capacity40/50/50J_s30_r80/1.dat,queiroga2020,5097,5097,6.88
batchschedulingtotalweightedtardiness/queiroga2020/Capacity40/50/50J_s30_r80/2.dat,queiroga2020,6262,6262,7.32
batchschedulingtotalweightedtardiness/queiroga2020/Capacity40/50/50J_s30_r80/3.dat,queiroga2020,5296,5296,7.99
batchschedulingtotalweightedtardiness/queiroga2020/Capacity40/50/50J_s30_r80/4.dat,queiroga2020,6246,6246.6,8.92
batchschedulingtotalweightedtardiness/queiroga2020/Capacity40/50/50J_s30_r80/5.dat,queiroga2020,7175,7175,8.9
batchschedulingtotalweightedtardiness/queiroga2020/Capacity40/50/50J_s40_r10/1.dat,queiroga2020,18019,18019,6.56
batchschedulingtotalweightedtardiness/queiroga2020/Capacity40/50/50J_s40_r10/2.dat,queiroga2020,22535,22535,5.25
batchschedulingtotalweightedtardiness/queiroga2020/Capacity40/50/50J_s40_r10/3.dat,queiroga2020,24433,24433,5.3
batchschedulingtotalweightedtardiness/queiroga2020/Capacity40/50/50J_s40_r10/4.dat,queiroga2020,20449,20449,5.89
batchschedulingtotalweightedtardiness/queiroga2020/Capacity40/50/50J_s40_r10/5.dat,queiroga2020,13390,13390,4.87
batchschedulingtotalweightedtardiness/queiroga2020/Capacity40/50/50J_s40_r40/1.dat,queiroga2020,14382,14403.6,5.56
batchschedulingtotalweightedtardiness/queiroga2020/Capacity40/50/50J_s40_r40/2.dat,queiroga2020,10542,10542,4.75
batchschedulingtotalweightedtardiness/queiroga2020/Capacity40/50/50J_s40_r40/3.dat,queiroga2020,11870,11870,5.51
batchschedulingtotalweightedtardiness/queiroga2020/Capacity40/50/50J_s40_r40/4.dat,queiroga2020,16458,16467.1,6.64
batchschedulingtotalweightedtardiness/queiroga2020/Capacity40/50/50J_s40_r40/5.dat,queiroga2020,11467,11467,7.27
batchschedulingtotalweightedtardiness/queiroga2020/Capacity40/50/50J_s40_r80/1.dat,queiroga2020,5916,5947.2,6.8
batchschedulingtotalweightedtardiness/queiroga2020/Capacity40/50/50J_s40_r80/2.dat,queiroga2020,6301,6301,5.73
batchschedulingtotalweightedtardiness/queiroga2020/Capacity40/50/50J_s40_r80/3.dat,queiroga2020,2645,2647.1,7.2
batchschedulingtotalweightedtardiness/queiroga2020/Capacity40/50/50J_s40_r80/4.dat,queiroga2020,6027,6037.7,7.07
batchschedulingtotalweightedtardiness/queiroga2020/Capacity40/50/50J_s40_r80/5.dat,queiroga2020,4096,4097.6,6.61
batchschedulingtotalweightedtardiness/queiroga2020/Capacity40/75/75J_s20_r10/1.dat,queiroga2020,30527,30637.8,17.23
batchschedulingtotalweightedtardiness/queiroga2020/Capacity40/75/75J_s20_r10/2.dat,queiroga2020,33499,33598.6,15.32
batchschedulingtotalweightedtardiness/queiroga2020/Capacity40/75/75J_s20_r10/3.dat,queiroga2020,30893,31020.3,15.57
batchschedulingtotalweightedtardiness/queiroga2020/Capacity40/75/75J_s20_r10/4.dat,queiroga2020,29019,29109.6,19.2
batchschedulingtotalweightedtardiness/queiroga2020/Capacity40/75/75J_s20_r10/5.dat,queiroga2020,28042,28209.1,16.1
batchschedulingtotalweightedtardiness/queiroga2020/Capacity40/75/75J_s20_r40/1.dat,queiroga2020,26470,26581.9,19.25
batchschedulingtotalweightedtardiness/queiroga2020/Capacity40/75/75J_s20_r40/2.dat,queiroga2020,13642,13648.4,19.73
batchschedulingtotalweightedtardiness/queiroga2020/Capacity40/75/75J_s20_r40/3.dat,queiroga2020,16643,16749.5,22.07
batchschedulingtotalweightedtardiness/queiroga2020/Capacity40/75/75J_s20_r40/4.dat,queiroga2020,11155,11242.7,20.71
batchschedulingtotalweightedtardiness/queiroga2020/Capacity40/75/75J_s20_r40/5.dat,queiroga2020,15523,15640.1,21.17
batchschedulingtotalweightedtardiness/queiroga2020/Capacity40/75/75J_s20_r80/1.dat,queiroga2020,7814,8181.5,27.04
batchschedulingtotalweightedtardiness/queiroga2020/Capacity40/75/75J_s20_r80/2.dat,queiroga2020,7597,7622.7,25.95
batchschedulingtotalweightedtardiness/queiroga2020/Capacity40/75/75J_s20_r80/3.dat,queiroga2020,6976,7118.4,26.61
batchschedulingtotalweightedtardiness/queiroga2020/Capacity40/75/75J_s20_r80/4.dat,queiroga2020,6183,6202.3,24.73
batchschedulingtotalweightedtardiness/queiroga2020/Capacity40/75/75J_s20_r80/5.dat,queiroga2020,9855,9928.5,27.47
batchschedulingtotalweightedtardiness/queiroga2020/Capacity40/75/75J_s30_r10/1.dat,queiroga2020,40225,40241,27.45
batchschedulingtotalweightedtardiness/queiroga2020/Capacity40/75/75J_s30_r10/2.dat,queiroga2020,48177,48177,27.55
batchschedulingtotalweightedtardiness/queiroga2020/Capacity40/75/75J_s30_r10/3.dat,queiroga2020,41390,41396,27.19
batchschedulingtotalweightedtardiness/queiroga2020/Capacity40/75/75J_s30_r10/4.dat,queiroga2020,52217,52310.5,25.83
batchschedulingtotalweightedtardiness/queiroga2020/Capacity40/75/75J_s30_r10/5.dat,queiroga2020,46605,46607.3,24.94
batchschedulingtotalweightedtardiness/queiroga2020/Capacity40/75/75J_s30_r40/1.dat,queiroga2020,25676,25683.1,41.08
batchschedulingtotalweightedtardiness/queiroga2020/Capacity40/75/75J_s30_r40/2.dat,queiroga2020,34465,34488.1,30.67
batchschedulingtotalweightedtardiness/queiroga2020/Capacity40/75/75J_s30_r40/3.dat,queiroga2020,36416,36516.3,37.52
batchschedulingtotalweightedtardiness/queiroga2020/Capacity40/75/75J_s30_r40/4.dat,queiroga2020,23501,23501,33.15
batchschedulingtotalweightedtardiness/queiroga2020/Capacity40/75/75J_s30_r40/5.dat,queiroga2020,24088,24088,35.84
batchschedulingtotalweightedtardiness/queiroga2020/Capacity40/75/75J_s30_r80/1.dat,queiroga2020,6095,6095,36.22
batchschedulingtotalweightedtardiness/queiroga2020/Capacity40/75/75J_s30_r80/2.dat,queiroga2020,10353,10353,42.42
batchschedulingtotalweightedtardiness/queiroga2020/Capacity40/75/75J_s30_r80/3.dat,queiroga2020,14300,14344.1,39.14
batchschedulingtotalweightedtardiness/queiroga2020/Capacity40/75/75J_s30_r80/4.dat,queiroga2020,18867,18867,39.63
batchschedulingtotalweightedtardiness/queiroga2020/Capacity40/75/75J_s30_r80/5.dat,queiroga2020,15556,15556,51.84
batchschedulingtotalweightedtardiness/queiroga2020/Capacity40/75/75J_s40_r10/1.dat,queiroga2020,41511,41516.1,29.81
batchschedulingtotalweightedtardiness/queiroga2020/Capacity40/75/75J_s40_r10/2.dat,queiroga2020,57877,57925.8,28.31
batchschedulingtotalweightedtardiness/queiroga2020/Capacity40/75/75J_s40_r10/3.dat,queiroga2020,44538,44570.7,24.59
batchschedulingtotalweightedtardiness/queiroga2020/Capacity40/75/75J_s40_r10/4.dat,queiroga2020,46482,46489.2,25.37
batchschedulingtotalweightedtardiness/queiroga2020/Capacity40/75/75J_s40_r10/5.dat,queiroga2020,41298,41327.2,23.02
batchschedulingtotalweightedtardiness/queiroga2020/Capacity40/75/75J_s40_r40/1.dat,queiroga2020,26625,26639.5,36.62
batchschedulingtotalweightedtardiness/queiroga2020/Capacity40/75/75J_s40_r40/2.dat,queiroga2020,23717,23738.5,36.22
batchschedulingtotalweightedtardiness/queiroga2020/Capacity40/75/75J_s40_r40/3.dat,queiroga2020,33489,33492.6,51.9
batchschedulingtotalweightedtardiness/queiroga2020/Capacity40/75/75J_s40_r40/4.dat,queiroga2020,21139,21210.3,32.6
batchschedulingtotalweightedtardiness/queiroga2020/Capacity40/75/75J_s40_r40/5.dat,queiroga2020,31536,31697.6,31.1
batchschedulingtotalweightedtardiness/queiroga2020/Capacity40/75/75J_s40_r80/1.dat,queiroga2020,11465,11480.2,46.79
batchschedulingtotalweightedtardiness/queiroga2020/Capacity40/75/75J_s40_r80/2.dat,queiroga2020,12999,12999,37.21
batchschedulingtotalweightedtardiness/queiroga2020/Capacity40/75/75J_s40_r80/3.dat,queiroga2020,13076,13076,39.96
batchschedulingtotalweightedtardiness/queiroga2020/Capacity40/75/75J_s40_r80/4.dat,queiroga2020,12404,12430.8,39.36
batchschedulingtotalweightedtardiness/queiroga2020/Capacity40/75/75J_s40_r80/5.dat,queiroga2020,7379,7380.9,37.28
batchschedulingtotalweightedtardiness/queiroga2020/Capacity40/100/100J_s20_r10/1.dat,queiroga2020,45831,45953.1,49.95
batchschedulingtotalweightedtardiness/queiroga2020/Capacity40/100/100J_s20_r10/2.dat,queiroga2020,57383,57565.6,54.38
batchschedulingtotalweightedtardiness/queiroga2020/Capacity40/100/100J_s20_r10/3.dat,queiroga2020,45965,46092.3,52.53
batchschedulingtotalweightedtardiness/queiroga2020/Capacity40/100/100J_s20_r10/4.dat,queiroga2020,38786,38834.1,56.12
batchschedulingtotalweightedtardiness/queiroga2020/Capacity40/100/100J_s20_r10/5.dat,queiroga2020,59648,59833.5,60.44
batchschedulingtotalweightedtardiness/queiroga2020/Capacity40/100/100J_s20_r40/1.dat,queiroga2020,42378,42544.9,71.95
batchschedulingtotalweightedtardiness/queiroga2020/Capacity40/100/100J_s20_r40/2.dat,queiroga2020,37100,37315,60.4
batchschedulingtotalweightedtardiness/queiroga2020/Capacity40/100/100J_s20_r40/3.dat,queiroga2020,34484,35077.8,78.89
batchschedulingtotalweightedtardiness/queiroga2020/Capacity40/100/100J_s20_r40/4.dat,queiroga2020,28677,28870.9,69.05
batchschedulingtotalweightedtardiness/queiroga2020/Capacity40/100/100J_s20_r40/5.dat,queiroga2020,33849,34113.6,62.01
batchschedulingtotalweightedtardiness/queiroga2020/Capacity40/100/100J_s20_r80/1.dat,queiroga2020,19591,19714.9,80.99
batchschedulingtotalweightedtardiness/queiroga2020/Capacity40/100/100J_s20_r80/2.dat,queiroga2020,15601,15691.3,99.47
batchschedulingtotalweightedtardiness/queiroga2020/Capacity40/100/100J_s20_r80/3.dat,queiroga2020,17322,17542.8,88.29
batchschedulingtotalweightedtardiness/queiroga2020/Capacity40/100/100J_s20_r80/4.dat,queiroga2020,10827,10882.1,82.4
batchschedulingtotalweightedtardiness/queiroga2020/Capacity40/100/100J_s20_r80/5.dat,queiroga2020,14112,14321.3,81.44
batchschedulingtotalweightedtardiness/queiroga2020/Capacity40/100/100J_s30_r10/1.dat,queiroga2020,96013,96044.2,101.29
batchschedulingtotalweightedtardiness/queiroga2020/Capacity40/100/100J_s30_r10/2.dat,queiroga2020,80883,80962,87.52
batchschedulingtotalweightedtardiness/queiroga2020/Capacity40/100/100J_s30_r10/3.dat,queiroga2020,86275,86424.8,111.06
batchschedulingtotalweightedtardiness/queiroga2020/Capacity40/100/100J_s30_r10/4.dat,queiroga2020,85089,85150.3,93.46
batchschedulingtotalweightedtardiness/queiroga2020/Capacity40/100/100J_s30_r10/5.dat,queiroga2020,95961,96038.1,85.99
batchschedulingtotalweightedtardiness/queiroga2020/Capacity40/100/100J_s30_r40/1.dat,queiroga2020,61698,61760.1,104.66
batchschedulingtotalweightedtardiness/queiroga2020/Capacity40/100/100J_s30_r40/2.dat,queiroga2020,54039,54141.5,123.2
batchschedulingtotalweightedtardiness/queiroga2020/Capacity40/100/100J_s30_r40/3.dat,queiroga2020,48431,48573,121.53
batchschedulingtotalweightedtardiness/queiroga2020/Capacity40/100/100J_s30_r40/4.dat,queiroga2020,56829,56912.3,149.38
batchschedulingtotalweightedtardiness/queiroga2020/Capacity40/100/100J_s30_r40/5.dat,queiroga2020,46914,47482.8,141.03
batchschedulingtotalweightedtardiness/queiroga2020/Capacity40/100/100J_s30_r80/1.dat,queiroga2020,29549,29638.3,156.44
batchschedulingtotalweightedtardiness/queiroga2020/Capacity40/100/100J_s30_r80/2.dat,queiroga2020,15511,15526.2,117.82
batchschedulingtotalweightedtardiness/queiroga2020/Capacity40/100/100J_s30_r80/3.dat,queiroga2020,31579,31722.9,131.74
batchschedulingtotalweightedtardiness/queiroga2020/Capacity40/100/100J_s30_r80/4.dat,queiroga2020,10339,10358,129.65
batchschedulingtotalweightedtardiness/queiroga2020/Capacity40/100/100J_s30_r80/5.dat,queiroga2020,19147,19165,165.29
batchschedulingtotalweightedtardiness/queiroga2020/Capacity40/100/100J_s40_r10/1.dat,queiroga2020,90452,90484.2,103.96
batchschedulingtotalweightedtardiness/queiroga2020/Capacity40/100/100J_s40_r10/2.dat,queiroga2020,60536,60714.4,96.8
batchschedulingtotalweightedtardiness/queiroga2020/Capacity40/100/100J_s40_r10/3.dat,queiroga2020,87341,87370.7,109.89
batchschedulingtotalweightedtardiness/queiroga2020/Capacity40/100/100J_s40_r10/4.dat,queiroga2020,75441,75690.9,92.4
batchschedulingtotalweightedtardiness/queiroga2020/Capacity40/100/100J_s40_r10/5.dat,queiroga2020,69176,69272.5,99.24
batchschedulingtotalweightedtardiness/queiroga2020/Capacity40/100/100J_s40_r40/1.dat,queiroga2020,27559,27578,113.81
batchschedulingtotalweightedtardiness/queiroga2020/Capacity40/100/100J_s40_r40/2.dat,queiroga2020,50868,51002.8,115.92
batchschedulingtotalweightedtardiness/queiroga2020/Capacity40/100/100J_s40_r40/3.dat,queiroga2020,38922,39336.3,98.82
batchschedulingtotalweightedtardiness/queiroga2020/Capacity40/100/100J_s40_r40/4.dat,queiroga2020,41660,41836.6,92.45
batchschedulingtotalweightedtardiness/queiroga2020/Capacity40/100/100J_s40_r40/5.dat,queiroga2020,43238,43741.9,109.06
batchschedulingtotalweightedtardiness/queiroga2020/Capacity40/100/100J_s40_r80/1.dat,queiroga2020,17952,18022.4,126.85
batchschedulingtotalweightedtardiness/queiroga2020/Capacity40/100/100J_s40_r80/2.dat,queiroga2020,16724,16829,159.6
batchschedulingtotalweightedtardiness/queiroga2020/Capacity40/100/100J_s40_r80/3.dat,queiroga2020,24371,24472.4,127.36
batchschedulingtotalweightedtardiness/queiroga2020/Capacity40/100/100J_s40_r80/4.dat,queiroga2020,4169,4169,119.67
batchschedulingtotalweightedtardiness/queiroga2020/Capacity40/100/100J_s40_r80/5.dat,queiroga2020,16213,16330,131.78
